Role ID,Role,Family code,Default level,"TRADE Retail, Trade & Markets","MOVE Delivery, Logistics & Transport",HOSP Hospitality & Food Service,"TRVL Travel, Tourism & Aviation",AUTO Automotive,MFG Manufacturing & Production,"BUILD Construction, Real Estate & Property",TRDS Technical Trades & Field Services,UTIL Energy & Utilities,TECH IT & Telecom,BPO BPO & Contact Centres,"BANK Banking, Finance & Insurance",HLTH Healthcare,EDU Education & Training,GOVT Government & Public Service,"AGRI Agriculture, Fisheries & Rural",SECU Security & Safety,"BEAU Beauty, Wellness & Personal Care","MEDIA Media, Marketing & Creative",PROF Professional Services,NGO NGO & Community Services,SPRT Sports & Fitness,CORP Corporate & Office (cross-industry functions),SMB Entrepreneurship & Small Business,DOMS Domestic & Personal Services,"ENVR Environment, Sanitation & Waste"
ROL-0001,Front Office Executive,FO,EXE,Not applicable,Not applicable,Common,Applicable,Not applicable,Not applicable,Not applicable,Not applicable,Not applicable,Applicable,Not applicable,Not applicable,Industry-specific specialization required,Applicable,Not applicable,Not applicable,Not applicable,Not applicable,Not applicable,Applicable,Not applicable,Not applicable,Applicable,Not applicable,Not applicable,Not applicable
ROL-0002,Front Office Supervisor,FO,SUP,Not applicable,Not applicable,Common,Applicable,Not applicable,Not applicable,Not applicable,Not applicable,Not applicable,Not applicable,Not applicable,Not applicable,Industry-specific specialization required,Applicable,Not applicable,Not applicable,Not applicable,Not applicable,Not applicable,Not applicable,Not applicable,Not applicable,Applicable,Not applicable,Not applicable,Not applicable
ROL-0003,Front Office Manager,FO,MGR,Not applicable,Not applicable,Common,Not applicable,Not applicable,Not applicable,Not applicable,Not applicable,Not applicable,Not applicable,Not applicable,Not applicable,Industry-specific specialization required,Not applicable,Not applicable,Not applicable,Not applicable,Not applicable,Not applicable,Not applicable,Not applicable,Not applicable,Not applicable,Not applicable,Not applicable,Not applicable
ROL-0004,Restaurant Captain,FNB,SUP,Not applicable,Not applicable,Common,Not applicable,Not applicable,Not applicable,Not applicable,Not applicable,Not applicable,Not applicable,Not applicable,Not applicable,Not applicable,Not applicable,Not applicable,Not applicable,Not applicable,Not applicable,Not applicable,Not applicable,Not applicable,Applicable,Not applicable,Not applicable,Not applicable,Not applicable
ROL-0005,Restaurant Supervisor,FNB,SUP,Applicable,Not applicable,Common,Not applicable,Not applicable,Not applicable,Not applicable,Not applicable,Not applicable,Not applicable,Not applicable,Not applicable,Not applicable,Not applicable,Not applicable,Not applicable,Not applicable,Not applicable,Not applicable,Not applicable,Not applicable,Applicable,Not applicable,Not applicable,Not applicable,Not applicable
ROL-0006,Restaurant Manager,FNB,MGR,Applicable,Not applicable,Common,Not applicable,Not applicable,Not applicable,Not applicable,Not applicable,Not applicable,Not applicable,Not applicable,Not applicable,Not applicable,Not applicable,Not applicable,Not applicable,Not applicable,Not applicable,Not applicable,Not applicable,Not applicable,Applicable,Not applicable,Applicable,Not applicable,Not applicable
ROL-0007,F&B Manager,FNB,HOD,Not applicable,Not applicable,Common,Industry-specific specialization required,Not applicable,Not applicable,Not applicable,Not applicable,Not applicable,Not applicable,Not applicable,Not applicable,Industry-specific specialization required,Applicable,Not applicable,Not applicable,Not applicable,Not applicable,Not applicable,Not applicable,Not applicable,Industry-specific specialization required,Not applicable,Not applicable,Not applicable,Not applicable
ROL-0008,Housekeeping Supervisor,HSKP,SUP,Not applicable,Not applicable,Common,Not applicable,Not applicable,Not applicable,Applicable,Not applicable,Not applicable,Not applicable,Not applicable,Not applicable,Industry-specific specialization required,Applicable,Not applicable,Not applicable,Not applicable,Not applicable,Not applicable,Not applicable,Not applicable,Not applicable,Applicable,Not applicable,Not applicable,Not applicable
ROL-0009,Housekeeping Manager,HSKP,MGR,Not applicable,Not applicable,Common,Not applicable,Not applicable,Not applicable,Applicable,Not applicable,Not applicable,Not applicable,Not applicable,Not applicable,Industry-specific specialization required,Not applicable,Not applicable,Not applicable,Not applicable,Not applicable,Not applicable,Not applicable,Not applicable,Not applicable,Applicable,Not applicable,Not applicable,Not applicable
ROL-0010,Administrative Executive,ADMN,EXE,Applicable,Applicable,Applicable,Applicable,Applicable,Common,Applicable,Applicable,Applicable,Common,Common,Common,Common,Common,Applicable,Applicable,Applicable,Applicable,Applicable,Common,Applicable,Applicable,Common,Common,Applicable,Applicable
ROL-0011,Office Manager,ADMN,MGR,Applicable,Applicable,Applicable,Applicable,Applicable,Applicable,Applicable,Applicable,Applicable,Common,Applicable,Applicable,Applicable,Applicable,Applicable,Applicable,Applicable,Applicable,Applicable,Common,Applicable,Applicable,Common,Common,Applicable,Applicable
ROL-0012,HR Executive,HR,EXE,Common,Applicable,Industry-specific specialization required,Applicable,Applicable,Industry-specific specialization required,Applicable,Applicable,Applicable,Industry-specific specialization required,Industry-specific specialization required,Common,Industry-specific specialization required,Applicable,Applicable,Applicable,Applicable,Applicable,Applicable,Applicable,Applicable,Applicable,Common,Applicable,Applicable,Applicable
ROL-0013,HR Manager,HR,MGR,Common,Applicable,Industry-specific specialization required,Applicable,Applicable,Industry-specific specialization required,Applicable,Applicable,Applicable,Industry-specific specialization required,Industry-specific specialization required,Common,Industry-specific specialization required,Applicable,Applicable,Applicable,Applicable,Applicable,Applicable,Applicable,Applicable,Applicable,Common,Applicable,Applicable,Applicable
ROL-0014,Accountant,FIN,PRO,Common,Common,Common,Applicable,Applicable,Common,Applicable,Applicable,Applicable,Common,Common,Industry-specific specialization required,Common,Common,Applicable,Applicable,Applicable,Applicable,Applicable,Common,Applicable,Applicable,Common,Common,Applicable,Applicable
ROL-0015,Finance Manager,FIN,MGR,Common,Applicable,Common,Applicable,Applicable,Common,Applicable,Applicable,Applicable,Common,Applicable,Industry-specific specialization required,Common,Applicable,Applicable,Applicable,Applicable,Applicable,Applicable,Common,Applicable,Applicable,Common,Common,Applicable,Applicable
ROL-0016,Sales Executive,SALE,EXE,Common,Common,Common,Common,Industry-specific specialization required,Industry-specific specialization required,Industry-specific specialization required,Applicable,Applicable,Industry-specific specialization required,Common,Industry-specific specialization required,Applicable,Applicable,Applicable,Applicable,Applicable,Applicable,Applicable,Common,Applicable,Industry-specific specialization required,Common,Common,Applicable,Applicable
ROL-0017,Sales Manager,SALE,MGR,Common,Common,Common,Common,Industry-specific specialization required,Industry-specific specialization required,Industry-specific specialization required,Applicable,Applicable,Industry-specific specialization required,Common,Industry-specific specialization required,Applicable,Applicable,Applicable,Applicable,Applicable,Applicable,Applicable,Common,Applicable,Industry-specific specialization required,Common,Common,Applicable,Applicable
ROL-0018,Marketing Executive,MKTG,EXE,Common,Applicable,Common,Common,Applicable,Applicable,Applicable,Applicable,Applicable,Common,Applicable,Industry-specific specialization required,Industry-specific specialization required,Common,Applicable,Applicable,Applicable,Applicable,Common,Applicable,Applicable,Applicable,Common,Common,Applicable,Applicable
ROL-0019,Marketing Manager,MKTG,MGR,Common,Applicable,Common,Common,Applicable,Applicable,Applicable,Applicable,Applicable,Common,Applicable,Industry-specific specialization required,Industry-specific specialization required,Common,Applicable,Applicable,Applicable,Applicable,Common,Applicable,Applicable,Applicable,Common,Common,Applicable,Applicable
ROL-0020,Operations Executive,OPS,EXE,Common,Industry-specific specialization required,Common,Common,Applicable,Industry-specific specialization required,Applicable,Applicable,Applicable,Common,Industry-specific specialization required,Common,Industry-specific specialization required,Applicable,Applicable,Applicable,Applicable,Applicable,Applicable,Common,Applicable,Applicable,Common,Common,Applicable,Applicable
ROL-0021,Operations Manager,OPS,MGR,Common,Industry-specific specialization required,Common,Common,Applicable,Industry-specific specialization required,Applicable,Applicable,Applicable,Common,Industry-specific specialization required,Common,Industry-specific specialization required,Applicable,Applicable,Applicable,Applicable,Applicable,Applicable,Common,Applicable,Applicable,Common,Common,Applicable,Applicable
ROL-0022,Customer Service Executive,CSV,EXE,Common,Common,Common,Common,Applicable,Applicable,Applicable,Applicable,Common,Common,Industry-specific specialization required,Common,Industry-specific specialization required,Applicable,Applicable,Applicable,Applicable,Applicable,Applicable,Applicable,Applicable,Applicable,Applicable,Common,Applicable,Applicable
ROL-0023,Team Leader,OPS,SUP,Common,Common,Common,Common,Applicable,Common,Applicable,Applicable,Applicable,Industry-specific specialization required,Industry-specific specialization required,Common,Common,Applicable,Applicable,Applicable,Applicable,Applicable,Applicable,Applicable,Applicable,Applicable,Common,Applicable,Applicable,Applicable
ROL-0024,Quality Analyst,QLTY,PRO,Applicable,Applicable,Applicable,Not applicable,Not applicable,Industry-specific specialization required,Not applicable,Not applicable,Not applicable,Industry-specific specialization required,Industry-specific specialization required,Common,Industry-specific specialization required,Applicable,Not applicable,Not applicable,Not applicable,Not applicable,Not applicable,Applicable,Not applicable,Not applicable,Applicable,Not applicable,Not applicable,Not applicable
ROL-0025,Trainer,TRNG,PRO,Common,Applicable,Common,Industry-specific specialization required,Applicable,Applicable,Applicable,Applicable,Applicable,Common,Common,Common,Industry-specific specialization required,Applicable,Applicable,Applicable,Applicable,Applicable,Applicable,Applicable,Applicable,Applicable,Common,Applicable,Applicable,Applicable
ROL-0026,IT Support Executive,ITF,EXE,Common,Common,Common,Applicable,Applicable,Common,Applicable,Applicable,Applicable,Common,Common,Common,Common,Common,Applicable,Applicable,Applicable,Applicable,Applicable,Common,Applicable,Applicable,Common,Applicable,Applicable,Applicable
ROL-0027,Developer,ITF,PRO,Applicable,Applicable,Not applicable,Not applicable,Not applicable,Applicable,Not applicable,Not applicable,Not applicable,Common,Applicable,Applicable,Applicable,Applicable,Not applicable,Not applicable,Not applicable,Not applicable,Not applicable,Applicable,Not applicable,Not applicable,Applicable,Applicable,Not applicable,Not applicable
ROL-0028,IT / Engineering Manager,ITF,MGR,Applicable,Applicable,Applicable,Applicable,Applicable,Applicable,Applicable,Applicable,Applicable,Common,Common,Common,Applicable,Applicable,Applicable,Applicable,Applicable,Applicable,Applicable,Applicable,Applicable,Applicable,Common,Applicable,Applicable,Applicable
ROL-0029,Project Manager,OPS,MGR,Applicable,Common,Applicable,Applicable,Applicable,Industry-specific specialization required,Industry-specific specialization required,Applicable,Applicable,Industry-specific specialization required,Applicable,Common,Common,Applicable,Applicable,Applicable,Applicable,Applicable,Applicable,Common,Applicable,Applicable,Common,Applicable,Applicable,Applicable
ROL-0030,Procurement Executive,PROC,EXE,Common,Common,Common,Applicable,Applicable,Industry-specific specialization required,Applicable,Applicable,Applicable,Common,Applicable,Common,Industry-specific specialization required,Applicable,Applicable,Applicable,Applicable,Applicable,Applicable,Applicable,Applicable,Applicable,Common,Applicable,Applicable,Applicable
ROL-0031,Procurement Manager,PROC,MGR,Common,Common,Common,Applicable,Applicable,Industry-specific specialization required,Applicable,Applicable,Applicable,Common,Applicable,Common,Industry-specific specialization required,Applicable,Applicable,Applicable,Applicable,Applicable,Applicable,Applicable,Applicable,Applicable,Common,Applicable,Applicable,Applicable
ROL-0032,Logistics Coordinator,LOGF,SNR,Common,Common,Applicable,Industry-specific specialization required,Not applicable,Common,Not applicable,Not applicable,Not applicable,Applicable,Not applicable,Not applicable,Applicable,Not applicable,Not applicable,Applicable,Not applicable,Not applicable,Not applicable,Not applicable,Not applicable,Not applicable,Applicable,Applicable,Not applicable,Not applicable
ROL-0033,Warehouse Supervisor,WHSF,SUP,Common,Common,Applicable,Not applicable,Not applicable,Common,Not applicable,Not applicable,Not applicable,Not applicable,Not applicable,Not applicable,Applicable,Not applicable,Not applicable,Applicable,Not applicable,Not applicable,Not applicable,Not applicable,Not applicable,Not applicable,Not applicable,Not applicable,Not applicable,Not applicable
ROL-0034,Production Supervisor,PROD,SUP,Not applicable,Not applicable,Applicable,Not applicable,Not applicable,Common,Not applicable,Not applicable,Not applicable,Not applicable,Not applicable,Not applicable,Not applicable,Not applicable,Not applicable,Not applicable,Not applicable,Not applicable,Not applicable,Not applicable,Not applicable,Not applicable,Not applicable,Not applicable,Not applicable,Not applicable
ROL-0035,Maintenance Engineer,MAINT,PRO,Applicable,Applicable,Common,Industry-specific specialization required,Not applicable,Common,Common,Not applicable,Industry-specific specialization required,Not applicable,Not applicable,Not applicable,Common,Applicable,Not applicable,Not applicable,Not applicable,Not applicable,Not applicable,Not applicable,Not applicable,Applicable,Applicable,Not applicable,Not applicable,Not applicable
ROL-0036,Patient Services Executive,HCAD,EXE,Not applicable,Not applicable,Not applicable,Not applicable,Not applicable,Not applicable,Not applicable,Not applicable,Not applicable,Not applicable,Not applicable,Not applicable,Common,Not applicable,Not applicable,Not applicable,Not applicable,Not applicable,Not applicable,Not applicable,Not applicable,Not applicable,Not applicable,Not applicable,Not applicable,Not applicable
ROL-0037,Healthcare Administrator,HCAD,MGR,Not applicable,Not applicable,Not applicable,Not applicable,Not applicable,Not applicable,Not applicable,Not applicable,Not applicable,Not applicable,Not applicable,Not applicable,Common,Not applicable,Not applicable,Not applicable,Not applicable,Not applicable,Not applicable,Not applicable,Not applicable,Not applicable,Not applicable,Not applicable,Not applicable,Not applicable
ROL-0038,School Teacher,TEACH,PRO,Not applicable,Not applicable,Not applicable,Not applicable,Not applicable,Not applicable,Not applicable,Not applicable,Not applicable,Not applicable,Not applicable,Not applicable,Not applicable,Common,Not applicable,Not applicable,Not applicable,Not applicable,Not applicable,Not applicable,Applicable,Not applicable,Not applicable,Not applicable,Not applicable,Not applicable
ROL-0039,Senior Teacher,TEACH,SNR,Not applicable,Not applicable,Not applicable,Not applicable,Not applicable,Not applicable,Not applicable,Not applicable,Not applicable,Not applicable,Not applicable,Not applicable,Not applicable,Common,Not applicable,Not applicable,Not applicable,Not applicable,Not applicable,Not applicable,Not applicable,Not applicable,Not applicable,Not applicable,Not applicable,Not applicable
ROL-0040,Subject Coordinator,TEACH,SNR,Not applicable,Not applicable,Not applicable,Not applicable,Not applicable,Not applicable,Not applicable,Not applicable,Not applicable,Not applicable,Not applicable,Not applicable,Not applicable,Common,Not applicable,Not applicable,Not applicable,Not applicable,Not applicable,Not applicable,Not applicable,Not applicable,Not applicable,Not applicable,Not applicable,Not applicable
ROL-0041,Academic Coordinator,TEACH,AM,Not applicable,Not applicable,Not applicable,Not applicable,Not applicable,Not applicable,Not applicable,Not applicable,Not applicable,Not applicable,Not applicable,Not applicable,Not applicable,Common,Not applicable,Not applicable,Not applicable,Not applicable,Not applicable,Not applicable,Not applicable,Not applicable,Not applicable,Not applicable,Not applicable,Not applicable
ROL-0042,Head Teacher,TEACH,HOD,Not applicable,Not applicable,Not applicable,Not applicable,Not applicable,Not applicable,Not applicable,Not applicable,Not applicable,Not applicable,Not applicable,Not applicable,Not applicable,Common,Not applicable,Not applicable,Not applicable,Not applicable,Not applicable,Not applicable,Not applicable,Not applicable,Not applicable,Not applicable,Not applicable,Not applicable
ROL-0043,Principal,TEACH,DIR,Not applicable,Not applicable,Not applicable,Not applicable,Not applicable,Not applicable,Not applicable,Not applicable,Not applicable,Not applicable,Not applicable,Not applicable,Not applicable,Common,Not applicable,Not applicable,Not applicable,Not applicable,Not applicable,Not applicable,Not applicable,Not applicable,Not applicable,Not applicable,Not applicable,Not applicable
ROL-0044,Academic Director,TEACH,DIR,Not applicable,Not applicable,Not applicable,Not applicable,Not applicable,Not applicable,Not applicable,Not applicable,Not applicable,Not applicable,Not applicable,Not applicable,Not applicable,Common,Not applicable,Not applicable,Not applicable,Not applicable,Not applicable,Not applicable,Not applicable,Not applicable,Not applicable,Not applicable,Not applicable,Not applicable
ROL-0045,General Manager,MGMT,DIR,Common,Common,Industry-specific specialization required,Industry-specific specialization required,Applicable,Common,Applicable,Applicable,Applicable,Common,Common,Common,Common,Applicable,Applicable,Applicable,Applicable,Applicable,Applicable,Applicable,Applicable,Applicable,Common,Common,Applicable,Applicable
ROL-0046,Director,LEAD,DIR,Applicable,Applicable,Applicable,Applicable,Applicable,Common,Applicable,Applicable,Applicable,Common,Applicable,Common,Common,Applicable,Applicable,Applicable,Applicable,Applicable,Applicable,Common,Applicable,Applicable,Common,Applicable,Applicable,Applicable
ROL-0047,Managing Director,LEAD,MD,Applicable,Applicable,Applicable,Applicable,Applicable,Common,Applicable,Applicable,Applicable,Common,Applicable,Common,Applicable,Applicable,Applicable,Applicable,Applicable,Applicable,Applicable,Common,Applicable,Applicable,Common,Common,Applicable,Applicable
ROL-0048,Founder / Entrepreneur,ENTR,OWN,Applicable,Applicable,Applicable,Applicable,Not applicable,Applicable,Not applicable,Not applicable,Not applicable,Common,Not applicable,Not applicable,Applicable,Applicable,Not applicable,Applicable,Not applicable,Applicable,Applicable,Applicable,Not applicable,Applicable,Applicable,Common,Not applicable,Not applicable
ROL-0049,Field Sales Executive,SALE,EXE,Common,Common,Applicable,Applicable,Industry-specific specialization required,Common,Applicable,Applicable,Applicable,Common,Applicable,Common,Industry-specific specialization required,Applicable,Applicable,Industry-specific specialization required,Applicable,Applicable,Applicable,Applicable,Applicable,Applicable,Applicable,Applicable,Applicable,Applicable
ROL-0050,Car Sales Executive,SALE,EXE,Not applicable,Not applicable,Not applicable,Not applicable,Common,Not applicable,Not applicable,Not applicable,Not applicable,Not applicable,Not applicable,Not applicable,Not applicable,Not applicable,Not applicable,Not applicable,Not applicable,Not applicable,Not applicable,Not applicable,Not applicable,Not applicable,Not applicable,Not applicable,Not applicable,Not applicable
ROL-0051,Two-Wheeler Sales Executive,SALE,EXE,Not applicable,Not applicable,Not applicable,Not applicable,Common,Not applicable,Not applicable,Not applicable,Not applicable,Not applicable,Not applicable,Not applicable,Not applicable,Not applicable,Not applicable,Not applicable,Not applicable,Not applicable,Not applicable,Not applicable,Not applicable,Not applicable,Not applicable,Not applicable,Not applicable,Not applicable
ROL-0052,Medical Representative,SALE,EXE,Not applicable,Not applicable,Not applicable,Not applicable,Not applicable,Applicable,Not applicable,Not applicable,Not applicable,Not applicable,Not applicable,Not applicable,Common,Not applicable,Not applicable,Not applicable,Not applicable,Not applicable,Not applicable,Not applicable,Not applicable,Not applicable,Not applicable,Not applicable,Not applicable,Not applicable
ROL-0053,FMCG Sales Representative,SALE,EXE,Common,Not applicable,Not applicable,Not applicable,Not applicable,Common,Not applicable,Not applicable,Not applicable,Not applicable,Not applicable,Not applicable,Not applicable,Not applicable,Not applicable,Not applicable,Not applicable,Not applicable,Not applicable,Not applicable,Not applicable,Not applicable,Not applicable,Not applicable,Not applicable,Not applicable
ROL-0054,Real Estate Sales Executive,SALE,EXE,Not applicable,Not applicable,Not applicable,Not applicable,Not applicable,Not applicable,Common,Not applicable,Not applicable,Not applicable,Not applicable,Not applicable,Not applicable,Not applicable,Not applicable,Not applicable,Not applicable,Not applicable,Not applicable,Not applicable,Not applicable,Not applicable,Not applicable,Not applicable,Not applicable,Not applicable
ROL-0055,Telesales Executive,SALE,EXE,Applicable,Applicable,Applicable,Applicable,Applicable,Applicable,Applicable,Applicable,Applicable,Common,Common,Common,Applicable,Common,Applicable,Applicable,Applicable,Applicable,Applicable,Applicable,Applicable,Applicable,Applicable,Applicable,Applicable,Applicable
ROL-0056,Key Account Executive,SALE,SNR,Applicable,Common,Applicable,Applicable,Applicable,Common,Applicable,Applicable,Applicable,Common,Applicable,Applicable,Applicable,Applicable,Applicable,Applicable,Applicable,Applicable,Applicable,Common,Applicable,Applicable,Applicable,Applicable,Applicable,Applicable
ROL-0057,Key Account Manager,SALE,MGR,Applicable,Common,Applicable,Applicable,Applicable,Common,Applicable,Applicable,Applicable,Common,Applicable,Applicable,Applicable,Applicable,Applicable,Applicable,Applicable,Applicable,Applicable,Common,Applicable,Applicable,Applicable,Applicable,Applicable,Applicable
ROL-0058,Area Sales Manager,SALE,MGR,Common,Applicable,Applicable,Applicable,Common,Common,Applicable,Applicable,Applicable,Applicable,Applicable,Common,Common,Applicable,Applicable,Applicable,Applicable,Applicable,Applicable,Applicable,Applicable,Applicable,Applicable,Applicable,Applicable,Applicable
ROL-0059,Regional Sales Manager,SALE,HOD,Common,Applicable,Applicable,Applicable,Common,Common,Applicable,Applicable,Applicable,Common,Applicable,Common,Common,Applicable,Applicable,Applicable,Applicable,Applicable,Applicable,Applicable,Applicable,Applicable,Applicable,Applicable,Applicable,Applicable
ROL-0060,Hotel Sales Executive,SALE,EXE,Not applicable,Not applicable,Common,Applicable,Not applicable,Not applicable,Not applicable,Not applicable,Not applicable,Not applicable,Not applicable,Not applicable,Not applicable,Not applicable,Not applicable,Not applicable,Not applicable,Not applicable,Not applicable,Not applicable,Not applicable,Not applicable,Not applicable,Not applicable,Not applicable,Not applicable
ROL-0061,Advertising Sales Executive,SALE,EXE,Not applicable,Not applicable,Not applicable,Not applicable,Not applicable,Not applicable,Not applicable,Not applicable,Not applicable,Not applicable,Not applicable,Not applicable,Not applicable,Not applicable,Not applicable,Not applicable,Not applicable,Not applicable,Common,Not applicable,Not applicable,Not applicable,Not applicable,Not applicable,Not applicable,Not applicable
ROL-0062,Agri-Input Sales Representative,SALE,EXE,Not applicable,Not applicable,Not applicable,Not applicable,Not applicable,Not applicable,Not applicable,Not applicable,Not applicable,Not applicable,Not applicable,Not applicable,Not applicable,Not applicable,Not applicable,Common,Not applicable,Not applicable,Not applicable,Not applicable,Not applicable,Not applicable,Not applicable,Not applicable,Not applicable,Not applicable
ROL-0063,Solar Sales Executive,SALE,EXE,Not applicable,Not applicable,Not applicable,Not applicable,Not applicable,Not applicable,Applicable,Not applicable,Common,Not applicable,Not applicable,Not applicable,Not applicable,Not applicable,Not applicable,Not applicable,Not applicable,Not applicable,Not applicable,Not applicable,Not applicable,Not applicable,Not applicable,Not applicable,Not applicable,Not applicable
ROL-0064,Showroom Sales Executive,SALE,EXE,Common,Not applicable,Not applicable,Not applicable,Industry-specific specialization required,Not applicable,Applicable,Not applicable,Not applicable,Not applicable,Not applicable,Not applicable,Not applicable,Not applicable,Not applicable,Not applicable,Not applicable,Not applicable,Not applicable,Not applicable,Not applicable,Not applicable,Not applicable,Not applicable,Not applicable,Not applicable
ROL-0065,Sales Trainee,SALE,TRN,Common,Applicable,Applicable,Applicable,Common,Common,Applicable,Applicable,Applicable,Common,Applicable,Common,Applicable,Applicable,Applicable,Applicable,Applicable,Applicable,Applicable,Applicable,Applicable,Applicable,Applicable,Applicable,Applicable,Applicable
ROL-0066,Brand Promoter,SALE,AST,Common,Not applicable,Not applicable,Not applicable,Not applicable,Not applicable,Not applicable,Not applicable,Not applicable,Not applicable,Not applicable,Not applicable,Not applicable,Not applicable,Not applicable,Not applicable,Not applicable,Not applicable,Applicable,Not applicable,Not applicable,Not applicable,Not applicable,Not applicable,Not applicable,Not applicable
ROL-0067,Small Shop Salesperson,RTLF,AST,Common,Not applicable,Not applicable,Not applicable,Not applicable,Not applicable,Not applicable,Not applicable,Not applicable,Not applicable,Not applicable,Not applicable,Not applicable,Not applicable,Not applicable,Not applicable,Not applicable,Not applicable,Not applicable,Not applicable,Not applicable,Not applicable,Not applicable,Applicable,Not applicable,Not applicable
ROL-0068,Shopping Mall Sales Associate,RTLF,EXE,Common,Not applicable,Not applicable,Not applicable,Not applicable,Not applicable,Not applicable,Not applicable,Not applicable,Not applicable,Not applicable,Not applicable,Not applicable,Not applicable,Not applicable,Not applicable,Not applicable,Not applicable,Not applicable,Not applicable,Not applicable,Not applicable,Not applicable,Not applicable,Not applicable,Not applicable
ROL-0069,Clothing Salesperson,RTLF,AST,Common,Not applicable,Not applicable,Not applicable,Not applicable,Not applicable,Not applicable,Not applicable,Not applicable,Not applicable,Not applicable,Not applicable,Not applicable,Not applicable,Not applicable,Not applicable,Not applicable,Not applicable,Not applicable,Not applicable,Not applicable,Not applicable,Not applicable,Not applicable,Not applicable,Not applicable
ROL-0070,Footwear Salesperson,RTLF,AST,Common,Not applicable,Not applicable,Not applicable,Not applicable,Not applicable,Not applicable,Not applicable,Not applicable,Not applicable,Not applicable,Not applicable,Not applicable,Not applicable,Not applicable,Not applicable,Not applicable,Not applicable,Not applicable,Not applicable,Not applicable,Not applicable,Not applicable,Not applicable,Not applicable,Not applicable
ROL-0071,Supermarket Associate,RTLF,AST,Common,Not applicable,Not applicable,Not applicable,Not applicable,Not applicable,Not applicable,Not applicable,Not applicable,Not applicable,Not applicable,Not applicable,Not applicable,Not applicable,Not applicable,Not applicable,Not applicable,Not applicable,Not applicable,Not applicable,Not applicable,Not applicable,Not applicable,Not applicable,Not applicable,Not applicable
ROL-0072,Cashier,RTLF,EXE,Common,Not applicable,Common,Applicable,Not applicable,Not applicable,Not applicable,Not applicable,Not applicable,Not applicable,Not applicable,Not applicable,Applicable,Not applicable,Not applicable,Not applicable,Not applicable,Applicable,Not applicable,Not applicable,Not applicable,Applicable,Not applicable,Not applicable,Not applicable,Not applicable
ROL-0073,Stock Associate,RTLF,AST,Common,Not applicable,Not applicable,Not applicable,Not applicable,Not applicable,Not applicable,Not applicable,Not applicable,Not applicable,Not applicable,Not applicable,Not applicable,Not applicable,Not applicable,Not applicable,Not applicable,Not applicable,Not applicable,Not applicable,Not applicable,Not applicable,Not applicable,Not applicable,Not applicable,Not applicable
ROL-0074,Visual Merchandiser,RTLF,PRO,Common,Not applicable,Not applicable,Not applicable,Not applicable,Not applicable,Not applicable,Not applicable,Not applicable,Not applicable,Not applicable,Not applicable,Not applicable,Not applicable,Not applicable,Not applicable,Not applicable,Not applicable,Not applicable,Not applicable,Not applicable,Not applicable,Not applicable,Not applicable,Not applicable,Not applicable
ROL-0075,Store Supervisor,RTLF,SUP,Common,Not applicable,Not applicable,Not applicable,Not applicable,Not applicable,Not applicable,Not applicable,Not applicable,Not applicable,Not applicable,Not applicable,Not applicable,Not applicable,Not applicable,Not applicable,Not applicable,Not applicable,Not applicable,Not applicable,Not applicable,Not applicable,Not applicable,Not applicable,Not applicable,Not applicable
ROL-0076,Store Manager,RTLF,MGR,Common,Not applicable,Not applicable,Not applicable,Not applicable,Not applicable,Not applicable,Not applicable,Not applicable,Not applicable,Not applicable,Not applicable,Applicable,Not applicable,Not applicable,Not applicable,Not applicable,Not applicable,Not applicable,Not applicable,Not applicable,Not applicable,Not applicable,Not applicable,Not applicable,Not applicable
ROL-0077,Mobile & Electronics Sales Associate,RTLF,EXE,Common,Not applicable,Not applicable,Not applicable,Not applicable,Not applicable,Not applicable,Not applicable,Not applicable,Applicable,Not applicable,Not applicable,Not applicable,Not applicable,Not applicable,Not applicable,Not applicable,Not applicable,Not applicable,Not applicable,Not applicable,Not applicable,Not applicable,Not applicable,Not applicable,Not applicable
ROL-0078,Jewellery Sales Associate,RTLF,EXE,Common,Not applicable,Not applicable,Not applicable,Not applicable,Not applicable,Not applicable,Not applicable,Not applicable,Not applicable,Not applicable,Not applicable,Not applicable,Not applicable,Not applicable,Not applicable,Not applicable,Not applicable,Not applicable,Not applicable,Not applicable,Not applicable,Not applicable,Not applicable,Not applicable,Not applicable
ROL-0079,Shop Helper,RTLF,AST,Common,Not applicable,Not applicable,Not applicable,Not applicable,Not applicable,Not applicable,Not applicable,Not applicable,Not applicable,Not applicable,Not applicable,Not applicable,Not applicable,Not applicable,Not applicable,Not applicable,Not applicable,Not applicable,Not applicable,Not applicable,Not applicable,Not applicable,Applicable,Not applicable,Not applicable
ROL-0080,Street Vendor,MKTV,OWN,Common,Not applicable,Not applicable,Not applicable,Not applicable,Not applicable,Not applicable,Not applicable,Not applicable,Not applicable,Not applicable,Not applicable,Not applicable,Not applicable,Not applicable,Not applicable,Not applicable,Not applicable,Not applicable,Not applicable,Not applicable,Not applicable,Not applicable,Not applicable,Not applicable,Not applicable
ROL-0081,Vegetable Seller,MKTV,OWN,Common,Not applicable,Not applicable,Not applicable,Not applicable,Not applicable,Not applicable,Not applicable,Not applicable,Not applicable,Not applicable,Not applicable,Not applicable,Not applicable,Not applicable,Applicable,Not applicable,Not applicable,Not applicable,Not applicable,Not applicable,Not applicable,Not applicable,Not applicable,Not applicable,Not applicable
ROL-0082,Fruit Seller,MKTV,OWN,Common,Not applicable,Not applicable,Not applicable,Not applicable,Not applicable,Not applicable,Not applicable,Not applicable,Not applicable,Not applicable,Not applicable,Not applicable,Not applicable,Not applicable,Applicable,Not applicable,Not applicable,Not applicable,Not applicable,Not applicable,Not applicable,Not applicable,Not applicable,Not applicable,Not applicable
ROL-0083,Fish Seller,MKTV,OWN,Common,Not applicable,Not applicable,Not applicable,Not applicable,Not applicable,Not applicable,Not applicable,Not applicable,Not applicable,Not applicable,Not applicable,Not applicable,Not applicable,Not applicable,Applicable,Not applicable,Not applicable,Not applicable,Not applicable,Not applicable,Not applicable,Not applicable,Not applicable,Not applicable,Not applicable
ROL-0084,Meat Seller,MKTV,OWN,Common,Not applicable,Not applicable,Not applicable,Not applicable,Not applicable,Not applicable,Not applicable,Not applicable,Not applicable,Not applicable,Not applicable,Not applicable,Not applicable,Not applicable,Not applicable,Not applicable,Not applicable,Not applicable,Not applicable,Not applicable,Not applicable,Not applicable,Not applicable,Not applicable,Not applicable
ROL-0085,Flower Seller,MKTV,OWN,Common,Not applicable,Not applicable,Not applicable,Not applicable,Not applicable,Not applicable,Not applicable,Not applicable,Not applicable,Not applicable,Not applicable,Not applicable,Not applicable,Not applicable,Not applicable,Not applicable,Not applicable,Applicable,Not applicable,Not applicable,Not applicable,Not applicable,Not applicable,Not applicable,Not applicable
ROL-0086,Street Food Vendor,MKTV,OWN,Common,Not applicable,Common,Not applicable,Not applicable,Not applicable,Not applicable,Not applicable,Not applicable,Not applicable,Not applicable,Not applicable,Not applicable,Not applicable,Not applicable,Not applicable,Not applicable,Not applicable,Not applicable,Not applicable,Not applicable,Not applicable,Not applicable,Not applicable,Not applicable,Not applicable
ROL-0087,Tea Stall Owner,MKTV,OWN,Common,Not applicable,Common,Not applicable,Not applicable,Not applicable,Not applicable,Not applicable,Not applicable,Not applicable,Not applicable,Not applicable,Not applicable,Not applicable,Not applicable,Not applicable,Not applicable,Not applicable,Not applicable,Not applicable,Not applicable,Not applicable,Not applicable,Not applicable,Not applicable,Not applicable
ROL-0088,Newspaper Salesperson,MKTV,OWN,Common,Not applicable,Not applicable,Not applicable,Not applicable,Not applicable,Not applicable,Not applicable,Not applicable,Not applicable,Not applicable,Not applicable,Not applicable,Not applicable,Not applicable,Not applicable,Not applicable,Not applicable,Common,Not applicable,Not applicable,Not applicable,Not applicable,Not applicable,Not applicable,Not applicable
ROL-0089,Market Stall Helper,MKTV,AST,Common,Not applicable,Not applicable,Not applicable,Not applicable,Not applicable,Not applicable,Not applicable,Not applicable,Not applicable,Not applicable,Not applicable,Not applicable,Not applicable,Not applicable,Not applicable,Not applicable,Not applicable,Not applicable,Not applicable,Not applicable,Not applicable,Not applicable,Not applicable,Not applicable,Not applicable
ROL-0090,Wholesale Trader,WHTR,OWN,Common,Not applicable,Not applicable,Not applicable,Not applicable,Not applicable,Not applicable,Not applicable,Not applicable,Not applicable,Not applicable,Not applicable,Not applicable,Not applicable,Not applicable,Applicable,Not applicable,Not applicable,Not applicable,Not applicable,Not applicable,Not applicable,Not applicable,Not applicable,Not applicable,Not applicable
ROL-0091,Wholesale Sales Assistant,WHTR,AST,Common,Not applicable,Not applicable,Not applicable,Not applicable,Not applicable,Not applicable,Not applicable,Not applicable,Not applicable,Not applicable,Not applicable,Not applicable,Not applicable,Not applicable,Not applicable,Not applicable,Not applicable,Not applicable,Not applicable,Not applicable,Not applicable,Not applicable,Not applicable,Not applicable,Not applicable
ROL-0092,Commission Agent (Market),WHTR,OWN,Common,Not applicable,Not applicable,Not applicable,Not applicable,Not applicable,Not applicable,Not applicable,Not applicable,Not applicable,Not applicable,Not applicable,Not applicable,Not applicable,Not applicable,Common,Not applicable,Not applicable,Not applicable,Not applicable,Not applicable,Not applicable,Not applicable,Not applicable,Not applicable,Not applicable
ROL-0093,Import-Export Coordinator,WHTR,SNR,Common,Common,Not applicable,Not applicable,Not applicable,Applicable,Not applicable,Not applicable,Not applicable,Not applicable,Not applicable,Not applicable,Not applicable,Not applicable,Not applicable,Not applicable,Not applicable,Not applicable,Not applicable,Not applicable,Not applicable,Not applicable,Not applicable,Not applicable,Not applicable,Not applicable
ROL-0094,Customer Care Representative (Counter),CSV,EXE,Common,Common,Applicable,Applicable,Applicable,Applicable,Applicable,Applicable,Common,Common,Applicable,Applicable,Applicable,Applicable,Applicable,Applicable,Applicable,Applicable,Applicable,Applicable,Applicable,Applicable,Applicable,Applicable,Applicable,Applicable
ROL-0095,Help Desk Executive,CSV,EXE,Applicable,Applicable,Applicable,Common,Applicable,Applicable,Applicable,Applicable,Applicable,Applicable,Applicable,Applicable,Common,Common,Applicable,Applicable,Applicable,Applicable,Applicable,Applicable,Applicable,Applicable,Common,Applicable,Applicable,Applicable
ROL-0096,Complaints Officer,CSV,SNR,Applicable,Applicable,Applicable,Applicable,Applicable,Applicable,Applicable,Applicable,Common,Common,Applicable,Common,Applicable,Applicable,Applicable,Applicable,Applicable,Applicable,Applicable,Applicable,Applicable,Applicable,Applicable,Applicable,Applicable,Applicable
ROL-0097,After-Sales Service Coordinator,CSV,SNR,Common,Not applicable,Not applicable,Not applicable,Common,Applicable,Not applicable,Industry-specific specialization required,Not applicable,Common,Not applicable,Not applicable,Not applicable,Not applicable,Not applicable,Not applicable,Not applicable,Not applicable,Not applicable,Not applicable,Not applicable,Not applicable,Not applicable,Not applicable,Not applicable,Not applicable
ROL-0098,Customer Service Manager,CSV,MGR,Common,Common,Applicable,Common,Applicable,Applicable,Applicable,Applicable,Applicable,Common,Industry-specific specialization required,Common,Industry-specific specialization required,Applicable,Applicable,Applicable,Applicable,Applicable,Applicable,Applicable,Applicable,Applicable,Applicable,Applicable,Applicable,Applicable
ROL-0099,Customer Support Associate (Voice),CNTC,EXE,Not applicable,Not applicable,Not applicable,Not applicable,Not applicable,Not applicable,Not applicable,Not applicable,Not applicable,Industry-specific specialization required,Common,Industry-specific specialization required,Not applicable,Not applicable,Not applicable,Not applicable,Not applicable,Not applicable,Not applicable,Not applicable,Not applicable,Not applicable,Not applicable,Not applicable,Not applicable,Not applicable
ROL-0100,Chat & Email Support Associate,CNTC,EXE,Not applicable,Not applicable,Not applicable,Not applicable,Not applicable,Not applicable,Not applicable,Not applicable,Not applicable,Industry-specific specialization required,Common,Not applicable,Not applicable,Not applicable,Not applicable,Not applicable,Not applicable,Not applicable,Not applicable,Not applicable,Not applicable,Not applicable,Not applicable,Not applicable,Not applicable,Not applicable
ROL-0101,Technical Support Associate,CNTC,EXE,Not applicable,Not applicable,Not applicable,Not applicable,Not applicable,Not applicable,Not applicable,Not applicable,Not applicable,Common,Common,Not applicable,Not applicable,Not applicable,Not applicable,Not applicable,Not applicable,Not applicable,Not applicable,Not applicable,Not applicable,Not applicable,Not applicable,Not applicable,Not applicable,Not applicable
ROL-0102,Collections Executive,CNTC,EXE,Not applicable,Not applicable,Not applicable,Not applicable,Not applicable,Not applicable,Not applicable,Not applicable,Not applicable,Not applicable,Common,Common,Not applicable,Not applicable,Not applicable,Not applicable,Not applicable,Not applicable,Not applicable,Not applicable,Not applicable,Not applicable,Not applicable,Not applicable,Not applicable,Not applicable
ROL-0103,Telecaller,CNTC,EXE,Applicable,Applicable,Applicable,Applicable,Applicable,Applicable,Common,Applicable,Applicable,Applicable,Common,Common,Applicable,Common,Applicable,Applicable,Applicable,Applicable,Applicable,Applicable,Applicable,Applicable,Applicable,Applicable,Applicable,Applicable
ROL-0104,Workforce / Real-Time Analyst,CNTC,PRO,Not applicable,Not applicable,Not applicable,Not applicable,Not applicable,Not applicable,Not applicable,Not applicable,Not applicable,Not applicable,Common,Not applicable,Not applicable,Not applicable,Not applicable,Not applicable,Not applicable,Not applicable,Not applicable,Not applicable,Not applicable,Not applicable,Not applicable,Not applicable,Not applicable,Not applicable
ROL-0105,Process Trainer,CNTC,PRO,Not applicable,Not applicable,Not applicable,Not applicable,Not applicable,Not applicable,Not applicable,Not applicable,Not applicable,Not applicable,Common,Not applicable,Not applicable,Not applicable,Not applicable,Not applicable,Not applicable,Not applicable,Not applicable,Not applicable,Not applicable,Not applicable,Not applicable,Not applicable,Not applicable,Not applicable
ROL-0106,Contact Centre Manager,CNTC,HOD,Not applicable,Not applicable,Not applicable,Not applicable,Not applicable,Not applicable,Not applicable,Not applicable,Not applicable,Not applicable,Common,Not applicable,Not applicable,Not applicable,Not applicable,Not applicable,Not applicable,Not applicable,Not applicable,Not applicable,Not applicable,Not applicable,Not applicable,Not applicable,Not applicable,Not applicable
ROL-0107,Receptionist,FO,EXE,Applicable,Applicable,Applicable,Applicable,Applicable,Applicable,Applicable,Applicable,Applicable,Applicable,Applicable,Applicable,Common,Common,Applicable,Applicable,Applicable,Common,Applicable,Applicable,Applicable,Applicable,Common,Applicable,Applicable,Applicable
ROL-0108,Concierge,FO,EXE,Not applicable,Not applicable,Common,Not applicable,Not applicable,Not applicable,Applicable,Not applicable,Not applicable,Not applicable,Not applicable,Not applicable,Not applicable,Not applicable,Not applicable,Not applicable,Not applicable,Not applicable,Not applicable,Not applicable,Not applicable,Not applicable,Not applicable,Not applicable,Not applicable,Not applicable
ROL-0109,Bell Desk Associate,FO,AST,Not applicable,Not applicable,Common,Not applicable,Not applicable,Not applicable,Not applicable,Not applicable,Not applicable,Not applicable,Not applicable,Not applicable,Not applicable,Not applicable,Not applicable,Not applicable,Not applicable,Not applicable,Not applicable,Not applicable,Not applicable,Not applicable,Not applicable,Not applicable,Not applicable,Not applicable
ROL-0110,Reservations Executive,FO,EXE,Not applicable,Not applicable,Common,Common,Not applicable,Not applicable,Not applicable,Not applicable,Not applicable,Not applicable,Not applicable,Not applicable,Not applicable,Not applicable,Not applicable,Not applicable,Not applicable,Not applicable,Not applicable,Not applicable,Not applicable,Not applicable,Not applicable,Not applicable,Not applicable,Not applicable
ROL-0111,Guest Relations Executive,FO,EXE,Not applicable,Not applicable,Common,Not applicable,Not applicable,Not applicable,Not applicable,Not applicable,Not applicable,Not applicable,Not applicable,Not applicable,Applicable,Not applicable,Not applicable,Not applicable,Not applicable,Not applicable,Not applicable,Not applicable,Not applicable,Not applicable,Not applicable,Not applicable,Not applicable,Not applicable
ROL-0112,Night Auditor,FO,EXE,Not applicable,Not applicable,Common,Not applicable,Not applicable,Not applicable,Not applicable,Not applicable,Not applicable,Not applicable,Not applicable,Not applicable,Not applicable,Not applicable,Not applicable,Not applicable,Not applicable,Not applicable,Not applicable,Not applicable,Not applicable,Not applicable,Not applicable,Not applicable,Not applicable,Not applicable
ROL-0113,Waiter / Server,FNB,AST,Not applicable,Not applicable,Common,Applicable,Not applicable,Not applicable,Not applicable,Not applicable,Not applicable,Not applicable,Not applicable,Not applicable,Not applicable,Not applicable,Not applicable,Not applicable,Not applicable,Not applicable,Not applicable,Not applicable,Not applicable,Applicable,Not applicable,Not applicable,Not applicable,Not applicable
ROL-0114,Bartender,FNB,EXE,Not applicable,Not applicable,Common,Not applicable,Not applicable,Not applicable,Not applicable,Not applicable,Not applicable,Not applicable,Not applicable,Not applicable,Not applicable,Not applicable,Not applicable,Not applicable,Not applicable,Not applicable,Not applicable,Not applicable,Not applicable,Not applicable,Not applicable,Not applicable,Not applicable,Not applicable
ROL-0115,Barista,FNB,EXE,Applicable,Not applicable,Common,Not applicable,Not applicable,Not applicable,Not applicable,Not applicable,Not applicable,Not applicable,Not applicable,Not applicable,Not applicable,Not applicable,Not applicable,Not applicable,Not applicable,Not applicable,Not applicable,Not applicable,Not applicable,Not applicable,Not applicable,Not applicable,Not applicable,Not applicable
ROL-0116,Restaurant Host,FNB,EXE,Not applicable,Not applicable,Common,Not applicable,Not applicable,Not applicable,Not applicable,Not applicable,Not applicable,Not applicable,Not applicable,Not applicable,Not applicable,Not applicable,Not applicable,Not applicable,Not applicable,Not applicable,Not applicable,Not applicable,Not applicable,Not applicable,Not applicable,Not applicable,Not applicable,Not applicable
ROL-0117,Banquet Executive,FNB,EXE,Not applicable,Not applicable,Common,Not applicable,Not applicable,Not applicable,Not applicable,Not applicable,Not applicable,Not applicable,Not applicable,Not applicable,Not applicable,Not applicable,Not applicable,Not applicable,Not applicable,Not applicable,Applicable,Not applicable,Not applicable,Not applicable,Not applicable,Not applicable,Not applicable,Not applicable
ROL-0118,Room Service Associate,FNB,AST,Not applicable,Not applicable,Common,Not applicable,Not applicable,Not applicable,Not applicable,Not applicable,Not applicable,Not applicable,Not applicable,Not applicable,Not applicable,Not applicable,Not applicable,Not applicable,Not applicable,Not applicable,Not applicable,Not applicable,Not applicable,Not applicable,Not applicable,Not applicable,Not applicable,Not applicable
ROL-0119,QSR Crew Member,FNB,AST,Not applicable,Not applicable,Common,Not applicable,Not applicable,Not applicable,Not applicable,Not applicable,Not applicable,Not applicable,Not applicable,Not applicable,Not applicable,Not applicable,Not applicable,Not applicable,Not applicable,Not applicable,Not applicable,Not applicable,Not applicable,Not applicable,Not applicable,Not applicable,Not applicable,Not applicable
ROL-0120,QSR Shift Manager,FNB,SUP,Not applicable,Not applicable,Common,Not applicable,Not applicable,Not applicable,Not applicable,Not applicable,Not applicable,Not applicable,Not applicable,Not applicable,Not applicable,Not applicable,Not applicable,Not applicable,Not applicable,Not applicable,Not applicable,Not applicable,Not applicable,Not applicable,Not applicable,Not applicable,Not applicable,Not applicable
ROL-0121,Café Owner,FNB,OWN,Not applicable,Not applicable,Common,Not applicable,Not applicable,Not applicable,Not applicable,Not applicable,Not applicable,Not applicable,Not applicable,Not applicable,Not applicable,Not applicable,Not applicable,Not applicable,Not applicable,Not applicable,Not applicable,Not applicable,Not applicable,Not applicable,Not applicable,Common,Not applicable,Not applicable
ROL-0122,Kitchen Helper,KTCH,AST,Not applicable,Not applicable,Common,Not applicable,Not applicable,Not applicable,Not applicable,Not applicable,Not applicable,Not applicable,Not applicable,Not applicable,Applicable,Applicable,Not applicable,Not applicable,Not applicable,Not applicable,Not applicable,Not applicable,Not applicable,Not applicable,Not applicable,Not applicable,Not applicable,Not applicable
ROL-0123,Cook,KTCH,EXE,Not applicable,Not applicable,Common,Not applicable,Not applicable,Not applicable,Not applicable,Not applicable,Not applicable,Not applicable,Not applicable,Not applicable,Applicable,Applicable,Not applicable,Not applicable,Not applicable,Not applicable,Not applicable,Not applicable,Not applicable,Not applicable,Not applicable,Not applicable,Applicable,Not applicable
ROL-0124,Chef de Partie,KTCH,SNR,Not applicable,Not applicable,Common,Not applicable,Not applicable,Not applicable,Not applicable,Not applicable,Not applicable,Not applicable,Not applicable,Not applicable,Not applicable,Not applicable,Not applicable,Not applicable,Not applicable,Not applicable,Not applicable,Not applicable,Not applicable,Not applicable,Not applicable,Not applicable,Not applicable,Not applicable
ROL-0125,Sous Chef,KTCH,AM,Not applicable,Not applicable,Common,Not applicable,Not applicable,Not applicable,Not applicable,Not applicable,Not applicable,Not applicable,Not applicable,Not applicable,Not applicable,Not applicable,Not applicable,Not applicable,Not applicable,Not applicable,Not applicable,Not applicable,Not applicable,Not applicable,Not applicable,Not applicable,Not applicable,Not applicable
ROL-0126,Executive Chef,KTCH,HOD,Not applicable,Not applicable,Common,Not applicable,Not applicable,Not applicable,Not applicable,Not applicable,Not applicable,Not applicable,Not applicable,Not applicable,Not applicable,Not applicable,Not applicable,Not applicable,Not applicable,Not applicable,Not applicable,Not applicable,Not applicable,Not applicable,Not applicable,Not applicable,Not applicable,Not applicable
ROL-0127,Catering Supervisor,KTCH,SUP,Not applicable,Not applicable,Common,Not applicable,Not applicable,Applicable,Not applicable,Not applicable,Not applicable,Not applicable,Not applicable,Not applicable,Applicable,Applicable,Not applicable,Not applicable,Not applicable,Not applicable,Not applicable,Not applicable,Not applicable,Not applicable,Not applicable,Not applicable,Not applicable,Not applicable
ROL-0128,Home Food Business Owner,KTCH,OWN,Not applicable,Not applicable,Common,Not applicable,Not applicable,Not applicable,Not applicable,Not applicable,Not applicable,Not applicable,Not applicable,Not applicable,Not applicable,Not applicable,Not applicable,Not applicable,Not applicable,Not applicable,Not applicable,Not applicable,Not applicable,Not applicable,Not applicable,Common,Not applicable,Not applicable
ROL-0129,Room Attendant,HSKP,AST,Not applicable,Not applicable,Common,Not applicable,Not applicable,Not applicable,Not applicable,Not applicable,Not applicable,Not applicable,Not applicable,Not applicable,Industry-specific specialization required,Not applicable,Not applicable,Not applicable,Not applicable,Not applicable,Not applicable,Not applicable,Not applicable,Not applicable,Not applicable,Not applicable,Not applicable,Not applicable
ROL-0130,Public Area Attendant,HSKP,AST,Not applicable,Not applicable,Common,Not applicable,Not applicable,Not applicable,Applicable,Not applicable,Not applicable,Not applicable,Not applicable,Not applicable,Not applicable,Not applicable,Not applicable,Not applicable,Not applicable,Not applicable,Not applicable,Not applicable,Not applicable,Not applicable,Applicable,Not applicable,Not applicable,Not applicable
ROL-0131,Laundry Attendant,HSKP,AST,Not applicable,Not applicable,Common,Not applicable,Not applicable,Not applicable,Not applicable,Not applicable,Not applicable,Not applicable,Not applicable,Not applicable,Industry-specific specialization required,Not applicable,Not applicable,Not applicable,Not applicable,Not applicable,Not applicable,Not applicable,Not applicable,Not applicable,Not applicable,Not applicable,Not applicable,Not applicable
ROL-0132,Hospital Housekeeping Associate,HSKP,AST,Not applicable,Not applicable,Not applicable,Not applicable,Not applicable,Not applicable,Not applicable,Not applicable,Not applicable,Not applicable,Not applicable,Not applicable,Common,Not applicable,Not applicable,Not applicable,Not applicable,Not applicable,Not applicable,Not applicable,Not applicable,Not applicable,Not applicable,Not applicable,Not applicable,Not applicable
ROL-0133,Office Housekeeper,HSKP,AST,Not applicable,Not applicable,Not applicable,Not applicable,Not applicable,Not applicable,Common,Not applicable,Not applicable,Not applicable,Not applicable,Not applicable,Not applicable,Applicable,Not applicable,Not applicable,Not applicable,Not applicable,Not applicable,Not applicable,Not applicable,Not applicable,Common,Not applicable,Not applicable,Not applicable
ROL-0134,Travel Consultant,TRVF,EXE,Not applicable,Not applicable,Not applicable,Common,Not applicable,Not applicable,Not applicable,Not applicable,Not applicable,Not applicable,Not applicable,Not applicable,Not applicable,Not applicable,Not applicable,Not applicable,Not applicable,Not applicable,Not applicable,Not applicable,Not applicable,Not applicable,Not applicable,Not applicable,Not applicable,Not applicable
ROL-0135,Tour Guide,TRVF,PRO,Not applicable,Not applicable,Not applicable,Common,Not applicable,Not applicable,Not applicable,Not applicable,Not applicable,Not applicable,Not applicable,Not applicable,Not applicable,Not applicable,Not applicable,Not applicable,Not applicable,Not applicable,Not applicable,Not applicable,Not applicable,Not applicable,Not applicable,Not applicable,Not applicable,Not applicable
ROL-0136,Tour Manager,TRVF,SNR,Not applicable,Not applicable,Not applicable,Common,Not applicable,Not applicable,Not applicable,Not applicable,Not applicable,Not applicable,Not applicable,Not applicable,Not applicable,Not applicable,Not applicable,Not applicable,Not applicable,Not applicable,Not applicable,Not applicable,Not applicable,Not applicable,Not applicable,Not applicable,Not applicable,Not applicable
ROL-0137,Ticketing Executive,TRVF,EXE,Not applicable,Not applicable,Not applicable,Common,Not applicable,Not applicable,Not applicable,Not applicable,Not applicable,Not applicable,Not applicable,Not applicable,Not applicable,Not applicable,Not applicable,Not applicable,Not applicable,Not applicable,Not applicable,Not applicable,Not applicable,Not applicable,Not applicable,Not applicable,Not applicable,Not applicable
ROL-0138,Visa Assistance Executive,TRVF,EXE,Not applicable,Not applicable,Not applicable,Common,Not applicable,Not applicable,Not applicable,Not applicable,Not applicable,Not applicable,Not applicable,Not applicable,Not applicable,Not applicable,Not applicable,Not applicable,Not applicable,Not applicable,Not applicable,Not applicable,Not applicable,Not applicable,Not applicable,Not applicable,Not applicable,Not applicable
ROL-0139,Tour Operations Executive,TRVF,EXE,Not applicable,Not applicable,Not applicable,Common,Not applicable,Not applicable,Not applicable,Not applicable,Not applicable,Not applicable,Not applicable,Not applicable,Not applicable,Not applicable,Not applicable,Not applicable,Not applicable,Not applicable,Not applicable,Not applicable,Not applicable,Not applicable,Not applicable,Not applicable,Not applicable,Not applicable
ROL-0140,Homestay Host,TRVF,OWN,Not applicable,Not applicable,Common,Common,Not applicable,Not applicable,Not applicable,Not applicable,Not applicable,Not applicable,Not applicable,Not applicable,Not applicable,Not applicable,Not applicable,Not applicable,Not applicable,Not applicable,Not applicable,Not applicable,Not applicable,Not applicable,Not applicable,Not applicable,Not applicable,Not applicable
ROL-0141,Airline Check-in Agent,AVNF,EXE,Not applicable,Not applicable,Not applicable,Common,Not applicable,Not applicable,Not applicable,Not applicable,Not applicable,Not applicable,Not applicable,Not applicable,Not applicable,Not applicable,Not applicable,Not applicable,Not applicable,Not applicable,Not applicable,Not applicable,Not applicable,Not applicable,Not applicable,Not applicable,Not applicable,Not applicable
ROL-0142,Gate Agent,AVNF,EXE,Not applicable,Not applicable,Not applicable,Common,Not applicable,Not applicable,Not applicable,Not applicable,Not applicable,Not applicable,Not applicable,Not applicable,Not applicable,Not applicable,Not applicable,Not applicable,Not applicable,Not applicable,Not applicable,Not applicable,Not applicable,Not applicable,Not applicable,Not applicable,Not applicable,Not applicable
ROL-0143,Cabin Crew,AVNF,EXE,Not applicable,Not applicable,Not applicable,Common,Not applicable,Not applicable,Not applicable,Not applicable,Not applicable,Not applicable,Not applicable,Not applicable,Not applicable,Not applicable,Not applicable,Not applicable,Not applicable,Not applicable,Not applicable,Not applicable,Not applicable,Not applicable,Not applicable,Not applicable,Not applicable,Not applicable
ROL-0144,Ground Handling Staff,AVNF,AST,Not applicable,Not applicable,Not applicable,Common,Not applicable,Not applicable,Not applicable,Not applicable,Not applicable,Not applicable,Not applicable,Not applicable,Not applicable,Not applicable,Not applicable,Not applicable,Not applicable,Not applicable,Not applicable,Not applicable,Not applicable,Not applicable,Not applicable,Not applicable,Not applicable,Not applicable
ROL-0145,Baggage Services Agent,AVNF,EXE,Not applicable,Not applicable,Not applicable,Common,Not applicable,Not applicable,Not applicable,Not applicable,Not applicable,Not applicable,Not applicable,Not applicable,Not applicable,Not applicable,Not applicable,Not applicable,Not applicable,Not applicable,Not applicable,Not applicable,Not applicable,Not applicable,Not applicable,Not applicable,Not applicable,Not applicable
ROL-0146,Airport Customer Service Agent,AVNF,EXE,Not applicable,Not applicable,Not applicable,Common,Not applicable,Not applicable,Not applicable,Not applicable,Not applicable,Not applicable,Not applicable,Not applicable,Not applicable,Not applicable,Not applicable,Not applicable,Not applicable,Not applicable,Not applicable,Not applicable,Not applicable,Not applicable,Not applicable,Not applicable,Not applicable,Not applicable
ROL-0147,Airport Duty Officer,AVNF,SUP,Not applicable,Not applicable,Not applicable,Common,Not applicable,Not applicable,Not applicable,Not applicable,Not applicable,Not applicable,Not applicable,Not applicable,Not applicable,Not applicable,Not applicable,Not applicable,Not applicable,Not applicable,Not applicable,Not applicable,Not applicable,Not applicable,Not applicable,Not applicable,Not applicable,Not applicable
ROL-0148,Airline Station Manager,AVNF,MGR,Not applicable,Not applicable,Not applicable,Common,Not applicable,Not applicable,Not applicable,Not applicable,Not applicable,Not applicable,Not applicable,Not applicable,Not applicable,Not applicable,Not applicable,Not applicable,Not applicable,Not applicable,Not applicable,Not applicable,Not applicable,Not applicable,Not applicable,Not applicable,Not applicable,Not applicable
ROL-0149,Survey Enumerator,FLDW,EXE,Not applicable,Not applicable,Not applicable,Not applicable,Not applicable,Not applicable,Not applicable,Not applicable,Not applicable,Not applicable,Not applicable,Not applicable,Applicable,Not applicable,Common,Applicable,Not applicable,Not applicable,Not applicable,Common,Applicable,Not applicable,Not applicable,Not applicable,Not applicable,Not applicable
ROL-0150,Field Supervisor (Surveys),FLDW,SUP,Not applicable,Not applicable,Not applicable,Not applicable,Not applicable,Not applicable,Not applicable,Not applicable,Not applicable,Not applicable,Not applicable,Not applicable,Not applicable,Not applicable,Common,Not applicable,Not applicable,Not applicable,Not applicable,Common,Applicable,Not applicable,Not applicable,Not applicable,Not applicable,Not applicable
ROL-0151,Field Officer,FLDW,EXE,Not applicable,Not applicable,Not applicable,Not applicable,Not applicable,Not applicable,Not applicable,Not applicable,Not applicable,Not applicable,Not applicable,Common,Not applicable,Not applicable,Applicable,Common,Not applicable,Not applicable,Not applicable,Not applicable,Common,Not applicable,Not applicable,Not applicable,Not applicable,Not applicable
ROL-0152,Market Research Field Executive,FLDW,EXE,Not applicable,Not applicable,Not applicable,Not applicable,Not applicable,Not applicable,Not applicable,Not applicable,Not applicable,Not applicable,Not applicable,Not applicable,Not applicable,Not applicable,Not applicable,Not applicable,Not applicable,Not applicable,Not applicable,Common,Not applicable,Not applicable,Not applicable,Not applicable,Not applicable,Not applicable
ROL-0153,Census Enumerator,FLDW,EXE,Not applicable,Not applicable,Not applicable,Not applicable,Not applicable,Not applicable,Not applicable,Not applicable,Not applicable,Not applicable,Not applicable,Not applicable,Not applicable,Not applicable,Common,Not applicable,Not applicable,Not applicable,Not applicable,Not applicable,Not applicable,Not applicable,Not applicable,Not applicable,Not applicable,Not applicable
ROL-0154,Field Verification Officer,FLDW,EXE,Not applicable,Not applicable,Not applicable,Not applicable,Not applicable,Not applicable,Applicable,Not applicable,Not applicable,Applicable,Not applicable,Common,Not applicable,Not applicable,Not applicable,Not applicable,Not applicable,Not applicable,Not applicable,Not applicable,Not applicable,Not applicable,Not applicable,Not applicable,Not applicable,Not applicable
ROL-0155,Retail Merchandiser (Field),FLDW,EXE,Common,Not applicable,Not applicable,Not applicable,Not applicable,Common,Not applicable,Not applicable,Not applicable,Not applicable,Not applicable,Not applicable,Not applicable,Not applicable,Not applicable,Not applicable,Not applicable,Not applicable,Not applicable,Not applicable,Not applicable,Not applicable,Not applicable,Not applicable,Not applicable,Not applicable
ROL-0156,Automobile Field Executive,FLDW,EXE,Not applicable,Not applicable,Not applicable,Not applicable,Common,Not applicable,Not applicable,Not applicable,Not applicable,Not applicable,Not applicable,Industry-specific specialization required,Not applicable,Not applicable,Not applicable,Not applicable,Not applicable,Not applicable,Not applicable,Not applicable,Not applicable,Not applicable,Not applicable,Not applicable,Not applicable,Not applicable
ROL-0157,Food Delivery Executive,DLVR,EXE,Not applicable,Common,Common,Not applicable,Not applicable,Not applicable,Not applicable,Not applicable,Not applicable,Not applicable,Not applicable,Not applicable,Not applicable,Not applicable,Not applicable,Not applicable,Not applicable,Not applicable,Not applicable,Not applicable,Not applicable,Not applicable,Not applicable,Not applicable,Not applicable,Not applicable
ROL-0158,Parcel Delivery Executive,DLVR,EXE,Common,Common,Not applicable,Not applicable,Not applicable,Not applicable,Not applicable,Not applicable,Not applicable,Not applicable,Not applicable,Not applicable,Not applicable,Not applicable,Not applicable,Not applicable,Not applicable,Not applicable,Not applicable,Not applicable,Not applicable,Not applicable,Not applicable,Not applicable,Not applicable,Not applicable
ROL-0159,Newspaper Delivery Person,DLVR,AST,Common,Not applicable,Not applicable,Not applicable,Not applicable,Not applicable,Not applicable,Not applicable,Not applicable,Not applicable,Not applicable,Not applicable,Not applicable,Not applicable,Not applicable,Not applicable,Not applicable,Not applicable,Common,Not applicable,Not applicable,Not applicable,Not applicable,Not applicable,Not applicable,Not applicable
ROL-0160,Milk Delivery Person,DLVR,AST,Common,Not applicable,Not applicable,Not applicable,Not applicable,Not applicable,Not applicable,Not applicable,Not applicable,Not applicable,Not applicable,Not applicable,Not applicable,Not applicable,Not applicable,Common,Not applicable,Not applicable,Not applicable,Not applicable,Not applicable,Not applicable,Not applicable,Not applicable,Not applicable,Not applicable
ROL-0161,Gas Cylinder Delivery Person,DLVR,AST,Not applicable,Not applicable,Not applicable,Not applicable,Not applicable,Not applicable,Not applicable,Not applicable,Common,Not applicable,Not applicable,Not applicable,Not applicable,Not applicable,Not applicable,Not applicable,Not applicable,Not applicable,Not applicable,Not applicable,Not applicable,Not applicable,Not applicable,Not applicable,Not applicable,Not applicable
ROL-0162,Water Can Delivery Person,DLVR,AST,Common,Not applicable,Not applicable,Not applicable,Not applicable,Not applicable,Not applicable,Not applicable,Common,Not applicable,Not applicable,Not applicable,Not applicable,Not applicable,Not applicable,Not applicable,Not applicable,Not applicable,Not applicable,Not applicable,Not applicable,Not applicable,Not applicable,Not applicable,Not applicable,Not applicable
ROL-0163,Delivery Hub Supervisor,DLVR,SUP,Not applicable,Common,Not applicable,Not applicable,Not applicable,Not applicable,Not applicable,Not applicable,Not applicable,Not applicable,Not applicable,Not applicable,Not applicable,Not applicable,Not applicable,Not applicable,Not applicable,Not applicable,Not applicable,Not applicable,Not applicable,Not applicable,Not applicable,Not applicable,Not applicable,Not applicable
ROL-0164,Dispatch Coordinator,DLVR,EXE,Common,Common,Common,Not applicable,Not applicable,Applicable,Not applicable,Not applicable,Not applicable,Not applicable,Not applicable,Not applicable,Not applicable,Not applicable,Not applicable,Not applicable,Not applicable,Not applicable,Not applicable,Not applicable,Not applicable,Not applicable,Not applicable,Not applicable,Not applicable,Not applicable
ROL-0165,Car Driver,DRVR,EXE,Not applicable,Common,Not applicable,Applicable,Not applicable,Not applicable,Not applicable,Not applicable,Not applicable,Not applicable,Not applicable,Not applicable,Applicable,Applicable,Not applicable,Not applicable,Not applicable,Not applicable,Not applicable,Not applicable,Not applicable,Not applicable,Common,Not applicable,Common,Not applicable
ROL-0166,Taxi / Ride-Hailing Driver,DRVR,EXE,Not applicable,Common,Not applicable,Applicable,Not applicable,Not applicable,Not applicable,Not applicable,Not applicable,Not applicable,Not applicable,Not applicable,Not applicable,Not applicable,Not applicable,Not applicable,Not applicable,Not applicable,Not applicable,Not applicable,Not applicable,Not applicable,Not applicable,Not applicable,Not applicable,Not applicable
ROL-0167,Auto-Rickshaw Driver,DRVR,OWN,Not applicable,Common,Not applicable,Not applicable,Not applicable,Not applicable,Not applicable,Not applicable,Not applicable,Not applicable,Not applicable,Not applicable,Not applicable,Not applicable,Not applicable,Not applicable,Not applicable,Not applicable,Not applicable,Not applicable,Not applicable,Not applicable,Not applicable,Not applicable,Not applicable,Not applicable
ROL-0168,Truck Driver,DRVR,EXE,Not applicable,Common,Not applicable,Not applicable,Not applicable,Applicable,Not applicable,Not applicable,Not applicable,Not applicable,Not applicable,Not applicable,Not applicable,Not applicable,Not applicable,Applicable,Not applicable,Not applicable,Not applicable,Not applicable,Not applicable,Not applicable,Not applicable,Not applicable,Not applicable,Not applicable
ROL-0169,Bus Driver,DRVR,EXE,Not applicable,Common,Not applicable,Applicable,Not applicable,Not applicable,Not applicable,Not applicable,Not applicable,Not applicable,Not applicable,Not applicable,Not applicable,Common,Not applicable,Not applicable,Not applicable,Not applicable,Not applicable,Not applicable,Not applicable,Not applicable,Applicable,Not applicable,Not applicable,Not applicable
ROL-0170,Bus Conductor,DRVR,EXE,Not applicable,Common,Not applicable,Not applicable,Not applicable,Not applicable,Not applicable,Not applicable,Not applicable,Not applicable,Not applicable,Not applicable,Not applicable,Not applicable,Not applicable,Not applicable,Not applicable,Not applicable,Not applicable,Not applicable,Not applicable,Not applicable,Not applicable,Not applicable,Not applicable,Not applicable
ROL-0171,School Bus Attendant,DRVR,AST,Not applicable,Not applicable,Not applicable,Not applicable,Not applicable,Not applicable,Not applicable,Not applicable,Not applicable,Not applicable,Not applicable,Not applicable,Not applicable,Common,Not applicable,Not applicable,Not applicable,Not applicable,Not applicable,Not applicable,Not applicable,Not applicable,Not applicable,Not applicable,Not applicable,Not applicable
ROL-0172,Fleet Supervisor,DRVR,SUP,Not applicable,Common,Not applicable,Not applicable,Not applicable,Not applicable,Not applicable,Not applicable,Not applicable,Not applicable,Not applicable,Not applicable,Not applicable,Not applicable,Not applicable,Not applicable,Not applicable,Not applicable,Not applicable,Not applicable,Not applicable,Not applicable,Applicable,Not applicable,Not applicable,Not applicable
ROL-0173,Shipping Documentation Executive,LOGF,EXE,Applicable,Common,Not applicable,Not applicable,Not applicable,Applicable,Not applicable,Not applicable,Not applicable,Not applicable,Not applicable,Not applicable,Not applicable,Not applicable,Not applicable,Not applicable,Not applicable,Not applicable,Not applicable,Not applicable,Not applicable,Not applicable,Not applicable,Not applicable,Not applicable,Not applicable
ROL-0174,Supply Chain Planner,LOGF,PRO,Common,Common,Not applicable,Not applicable,Not applicable,Common,Not applicable,Not applicable,Not applicable,Not applicable,Not applicable,Not applicable,Not applicable,Not applicable,Not applicable,Not applicable,Not applicable,Not applicable,Not applicable,Not applicable,Not applicable,Not applicable,Not applicable,Not applicable,Not applicable,Not applicable
ROL-0175,Transport Planner,LOGF,PRO,Applicable,Common,Not applicable,Not applicable,Not applicable,Applicable,Not applicable,Not applicable,Not applicable,Not applicable,Not applicable,Not applicable,Not applicable,Not applicable,Not applicable,Not applicable,Not applicable,Not applicable,Not applicable,Not applicable,Not applicable,Not applicable,Not applicable,Not applicable,Not applicable,Not applicable
ROL-0176,Logistics Manager,LOGF,MGR,Common,Common,Applicable,Applicable,Applicable,Common,Applicable,Applicable,Applicable,Applicable,Applicable,Applicable,Applicable,Applicable,Applicable,Applicable,Applicable,Applicable,Applicable,Applicable,Applicable,Applicable,Applicable,Applicable,Applicable,Applicable
ROL-0177,Customs Clearance Assistant,LOGF,EXE,Not applicable,Common,Not applicable,Not applicable,Not applicable,Not applicable,Not applicable,Not applicable,Not applicable,Not applicable,Not applicable,Not applicable,Not applicable,Not applicable,Not applicable,Not applicable,Not applicable,Not applicable,Not applicable,Not applicable,Not applicable,Not applicable,Not applicable,Not applicable,Not applicable,Not applicable
ROL-0178,Warehouse Associate,WHSF,AST,Common,Common,Not applicable,Not applicable,Not applicable,Common,Not applicable,Not applicable,Not applicable,Not applicable,Not applicable,Not applicable,Applicable,Not applicable,Not applicable,Not applicable,Not applicable,Not applicable,Not applicable,Not applicable,Not applicable,Not applicable,Not applicable,Not applicable,Not applicable,Not applicable
ROL-0179,Storekeeper,WHSF,EXE,Applicable,Applicable,Common,Applicable,Applicable,Common,Common,Applicable,Applicable,Applicable,Applicable,Applicable,Common,Applicable,Applicable,Applicable,Applicable,Applicable,Applicable,Applicable,Applicable,Applicable,Applicable,Applicable,Applicable,Applicable
ROL-0180,Inventory Controller,WHSF,PRO,Common,Common,Not applicable,Not applicable,Not applicable,Common,Not applicable,Not applicable,Not applicable,Not applicable,Not applicable,Not applicable,Not applicable,Not applicable,Not applicable,Not applicable,Not applicable,Not applicable,Not applicable,Not applicable,Not applicable,Not applicable,Not applicable,Not applicable,Not applicable,Not applicable
ROL-0181,Forklift Operator,WHSF,EXE,Not applicable,Common,Not applicable,Not applicable,Not applicable,Common,Not applicable,Not applicable,Not applicable,Not applicable,Not applicable,Not applicable,Not applicable,Not applicable,Not applicable,Not applicable,Not applicable,Not applicable,Not applicable,Not applicable,Not applicable,Not applicable,Not applicable,Not applicable,Not applicable,Not applicable
ROL-0182,Loading Helper,WHSF,AST,Common,Common,Not applicable,Not applicable,Not applicable,Not applicable,Not applicable,Not applicable,Not applicable,Not applicable,Not applicable,Not applicable,Not applicable,Not applicable,Not applicable,Applicable,Not applicable,Not applicable,Not applicable,Not applicable,Not applicable,Not applicable,Not applicable,Not applicable,Not applicable,Not applicable
ROL-0183,Warehouse Manager,WHSF,MGR,Common,Common,Not applicable,Not applicable,Not applicable,Common,Not applicable,Not applicable,Not applicable,Not applicable,Not applicable,Not applicable,Not applicable,Not applicable,Not applicable,Not applicable,Not applicable,Not applicable,Not applicable,Not applicable,Not applicable,Not applicable,Not applicable,Not applicable,Not applicable,Not applicable
ROL-0184,Purchase Assistant,PROC,AST,Applicable,Applicable,Common,Applicable,Applicable,Common,Applicable,Applicable,Applicable,Applicable,Applicable,Applicable,Common,Applicable,Applicable,Applicable,Applicable,Applicable,Applicable,Applicable,Applicable,Applicable,Common,Applicable,Applicable,Applicable
ROL-0185,Vendor Development Executive,PROC,EXE,Applicable,Not applicable,Not applicable,Not applicable,Common,Common,Not applicable,Not applicable,Not applicable,Not applicable,Not applicable,Not applicable,Not applicable,Not applicable,Not applicable,Not applicable,Not applicable,Not applicable,Not applicable,Not applicable,Not applicable,Not applicable,Not applicable,Not applicable,Not applicable,Not applicable
ROL-0186,Service Advisor (Automotive),AUTF,EXE,Not applicable,Not applicable,Not applicable,Not applicable,Common,Not applicable,Not applicable,Not applicable,Not applicable,Not applicable,Not applicable,Not applicable,Not applicable,Not applicable,Not applicable,Not applicable,Not applicable,Not applicable,Not applicable,Not applicable,Not applicable,Not applicable,Not applicable,Not applicable,Not applicable,Not applicable
ROL-0187,Spare Parts Executive,AUTF,EXE,Not applicable,Not applicable,Not applicable,Not applicable,Common,Not applicable,Not applicable,Not applicable,Not applicable,Not applicable,Not applicable,Not applicable,Not applicable,Not applicable,Not applicable,Not applicable,Not applicable,Not applicable,Not applicable,Not applicable,Not applicable,Not applicable,Not applicable,Not applicable,Not applicable,Not applicable
ROL-0188,Showroom Manager (Automotive),AUTF,MGR,Not applicable,Not applicable,Not applicable,Not applicable,Common,Not applicable,Not applicable,Not applicable,Not applicable,Not applicable,Not applicable,Not applicable,Not applicable,Not applicable,Not applicable,Not applicable,Not applicable,Not applicable,Not applicable,Not applicable,Not applicable,Not applicable,Not applicable,Not applicable,Not applicable,Not applicable
ROL-0189,Workshop Manager,AUTF,MGR,Not applicable,Not applicable,Not applicable,Not applicable,Common,Not applicable,Not applicable,Not applicable,Not applicable,Not applicable,Not applicable,Not applicable,Not applicable,Not applicable,Not applicable,Not applicable,Not applicable,Not applicable,Not applicable,Not applicable,Not applicable,Not applicable,Not applicable,Not applicable,Not applicable,Not applicable
ROL-0190,Automobile Technician,MECH,EXE,Not applicable,Applicable,Not applicable,Not applicable,Common,Not applicable,Not applicable,Not applicable,Not applicable,Not applicable,Not applicable,Not applicable,Not applicable,Not applicable,Not applicable,Not applicable,Not applicable,Not applicable,Not applicable,Not applicable,Not applicable,Not applicable,Not applicable,Not applicable,Not applicable,Not applicable
ROL-0191,Two-Wheeler Mechanic,MECH,EXE,Not applicable,Not applicable,Not applicable,Not applicable,Common,Not applicable,Not applicable,Not applicable,Not applicable,Not applicable,Not applicable,Not applicable,Not applicable,Not applicable,Not applicable,Not applicable,Not applicable,Not applicable,Not applicable,Not applicable,Not applicable,Not applicable,Not applicable,Not applicable,Not applicable,Not applicable
ROL-0192,Body Shop Technician,MECH,EXE,Not applicable,Not applicable,Not applicable,Not applicable,Common,Not applicable,Not applicable,Not applicable,Not applicable,Not applicable,Not applicable,Not applicable,Not applicable,Not applicable,Not applicable,Not applicable,Not applicable,Not applicable,Not applicable,Not applicable,Not applicable,Not applicable,Not applicable,Not applicable,Not applicable,Not applicable
ROL-0193,Workshop Supervisor,MECH,SUP,Not applicable,Applicable,Not applicable,Not applicable,Common,Not applicable,Not applicable,Not applicable,Not applicable,Not applicable,Not applicable,Not applicable,Not applicable,Not applicable,Not applicable,Not applicable,Not applicable,Not applicable,Not applicable,Not applicable,Not applicable,Not applicable,Not applicable,Not applicable,Not applicable,Not applicable
ROL-0194,Roadside Assistance Technician,MECH,EXE,Not applicable,Not applicable,Not applicable,Not applicable,Common,Not applicable,Not applicable,Not applicable,Not applicable,Not applicable,Not applicable,Applicable,Not applicable,Not applicable,Not applicable,Not applicable,Not applicable,Not applicable,Not applicable,Not applicable,Not applicable,Not applicable,Not applicable,Not applicable,Not applicable,Not applicable
ROL-0195,Electrician,TRDF,EXE,Not applicable,Not applicable,Applicable,Not applicable,Not applicable,Applicable,Common,Common,Applicable,Not applicable,Not applicable,Not applicable,Not applicable,Not applicable,Not applicable,Not applicable,Not applicable,Not applicable,Not applicable,Not applicable,Not applicable,Not applicable,Not applicable,Not applicable,Not applicable,Not applicable
ROL-0196,Plumber,TRDF,EXE,Not applicable,Not applicable,Applicable,Not applicable,Not applicable,Not applicable,Common,Common,Not applicable,Not applicable,Not applicable,Not applicable,Not applicable,Not applicable,Not applicable,Not applicable,Not applicable,Not applicable,Not applicable,Not applicable,Not applicable,Not applicable,Not applicable,Not applicable,Not applicable,Not applicable
ROL-0197,AC & Appliance Technician,TRDF,EXE,Applicable,Not applicable,Not applicable,Not applicable,Not applicable,Not applicable,Not applicable,Common,Not applicable,Not applicable,Not applicable,Not applicable,Not applicable,Not applicable,Not applicable,Not applicable,Not applicable,Not applicable,Not applicable,Not applicable,Not applicable,Not applicable,Not applicable,Not applicable,Not applicable,Not applicable
ROL-0198,Mobile Phone Repair Technician,TRDF,EXE,Common,Not applicable,Not applicable,Not applicable,Not applicable,Not applicable,Not applicable,Common,Not applicable,Not applicable,Not applicable,Not applicable,Not applicable,Not applicable,Not applicable,Not applicable,Not applicable,Not applicable,Not applicable,Not applicable,Not applicable,Not applicable,Not applicable,Not applicable,Not applicable,Not applicable
ROL-0199,Carpenter,TRDF,EXE,Not applicable,Not applicable,Not applicable,Not applicable,Not applicable,Not applicable,Common,Common,Not applicable,Not applicable,Not applicable,Not applicable,Not applicable,Not applicable,Not applicable,Not applicable,Not applicable,Not applicable,Not applicable,Not applicable,Not applicable,Not applicable,Not applicable,Not applicable,Not applicable,Not applicable
ROL-0200,Painter (Building),TRDF,EXE,Not applicable,Not applicable,Not applicable,Not applicable,Not applicable,Not applicable,Common,Not applicable,Not applicable,Not applicable,Not applicable,Not applicable,Not applicable,Not applicable,Not applicable,Not applicable,Not applicable,Not applicable,Not applicable,Not applicable,Not applicable,Not applicable,Not applicable,Not applicable,Not applicable,Not applicable
ROL-0201,Welder,TRDF,EXE,Not applicable,Not applicable,Not applicable,Not applicable,Applicable,Common,Common,Not applicable,Not applicable,Not applicable,Not applicable,Not applicable,Not applicable,Not applicable,Not applicable,Not applicable,Not applicable,Not applicable,Not applicable,Not applicable,Not applicable,Not applicable,Not applicable,Not applicable,Not applicable,Not applicable
ROL-0202,Field Service Technician,TRDF,EXE,Not applicable,Not applicable,Not applicable,Not applicable,Not applicable,Common,Not applicable,Common,Applicable,Common,Not applicable,Not applicable,Industry-specific specialization required,Not applicable,Not applicable,Not applicable,Not applicable,Not applicable,Not applicable,Not applicable,Not applicable,Not applicable,Not applicable,Not applicable,Not applicable,Not applicable
ROL-0203,Broadband Installation Technician,TRDF,EXE,Not applicable,Not applicable,Not applicable,Not applicable,Not applicable,Not applicable,Not applicable,Common,Not applicable,Common,Not applicable,Not applicable,Not applicable,Not applicable,Not applicable,Not applicable,Not applicable,Not applicable,Not applicable,Not applicable,Not applicable,Not applicable,Not applicable,Not applicable,Not applicable,Not applicable
ROL-0204,CCTV & Security Systems Technician,TRDF,EXE,Not applicable,Not applicable,Not applicable,Not applicable,Not applicable,Not applicable,Not applicable,Common,Not applicable,Not applicable,Not applicable,Not applicable,Not applicable,Not applicable,Not applicable,Not applicable,Common,Not applicable,Not applicable,Not applicable,Not applicable,Not applicable,Not applicable,Not applicable,Not applicable,Not applicable
ROL-0205,Solar Panel Installer,TRDF,EXE,Not applicable,Not applicable,Not applicable,Not applicable,Not applicable,Not applicable,Applicable,Not applicable,Common,Not applicable,Not applicable,Not applicable,Not applicable,Not applicable,Not applicable,Not applicable,Not applicable,Not applicable,Not applicable,Not applicable,Not applicable,Not applicable,Not applicable,Not applicable,Not applicable,Not applicable
ROL-0206,Lift Technician,TRDF,EXE,Not applicable,Not applicable,Not applicable,Not applicable,Not applicable,Not applicable,Common,Common,Not applicable,Not applicable,Not applicable,Not applicable,Not applicable,Not applicable,Not applicable,Not applicable,Not applicable,Not applicable,Not applicable,Not applicable,Not applicable,Not applicable,Not applicable,Not applicable,Not applicable,Not applicable
ROL-0207,Construction Worker,CNSF,AST,Not applicable,Not applicable,Not applicable,Not applicable,Not applicable,Not applicable,Common,Not applicable,Applicable,Not applicable,Not applicable,Not applicable,Not applicable,Not applicable,Not applicable,Not applicable,Not applicable,Not applicable,Not applicable,Not applicable,Not applicable,Not applicable,Not applicable,Not applicable,Not applicable,Not applicable
ROL-0208,Mason,CNSF,EXE,Not applicable,Not applicable,Not applicable,Not applicable,Not applicable,Not applicable,Common,Not applicable,Not applicable,Not applicable,Not applicable,Not applicable,Not applicable,Not applicable,Not applicable,Not applicable,Not applicable,Not applicable,Not applicable,Not applicable,Not applicable,Not applicable,Not applicable,Not applicable,Not applicable,Not applicable
ROL-0209,Site Supervisor,CNSF,SUP,Not applicable,Not applicable,Not applicable,Not applicable,Not applicable,Not applicable,Common,Not applicable,Applicable,Not applicable,Not applicable,Not applicable,Not applicable,Not applicable,Not applicable,Not applicable,Not applicable,Not applicable,Not applicable,Not applicable,Not applicable,Not applicable,Not applicable,Not applicable,Not applicable,Not applicable
ROL-0210,Site Engineer,CNSF,PRO,Not applicable,Not applicable,Not applicable,Not applicable,Not applicable,Not applicable,Common,Not applicable,Applicable,Not applicable,Not applicable,Not applicable,Not applicable,Not applicable,Not applicable,Not applicable,Not applicable,Not applicable,Not applicable,Not applicable,Not applicable,Not applicable,Not applicable,Not applicable,Not applicable,Not applicable
ROL-0211,Construction Project Manager,CNSF,MGR,Not applicable,Not applicable,Not applicable,Not applicable,Not applicable,Not applicable,Common,Not applicable,Not applicable,Not applicable,Not applicable,Not applicable,Not applicable,Not applicable,Not applicable,Not applicable,Not applicable,Not applicable,Not applicable,Not applicable,Not applicable,Not applicable,Not applicable,Not applicable,Not applicable,Not applicable
ROL-0212,Safety Officer,CNSF,PRO,Not applicable,Applicable,Not applicable,Not applicable,Not applicable,Common,Common,Not applicable,Applicable,Not applicable,Not applicable,Not applicable,Not applicable,Not applicable,Not applicable,Not applicable,Not applicable,Not applicable,Not applicable,Not applicable,Not applicable,Not applicable,Not applicable,Not applicable,Not applicable,Not applicable
ROL-0213,Quantity Surveyor,CNSF,PRO,Not applicable,Not applicable,Not applicable,Not applicable,Not applicable,Not applicable,Common,Not applicable,Not applicable,Not applicable,Not applicable,Not applicable,Not applicable,Not applicable,Not applicable,Not applicable,Not applicable,Not applicable,Not applicable,Not applicable,Not applicable,Not applicable,Not applicable,Not applicable,Not applicable,Not applicable
ROL-0214,Building Contractor,CNSF,OWN,Not applicable,Not applicable,Not applicable,Not applicable,Not applicable,Not applicable,Common,Not applicable,Not applicable,Not applicable,Not applicable,Not applicable,Not applicable,Not applicable,Not applicable,Not applicable,Not applicable,Not applicable,Not applicable,Not applicable,Not applicable,Not applicable,Not applicable,Not applicable,Not applicable,Not applicable
ROL-0215,Mechanical Engineer,ENGR,PRO,Not applicable,Not applicable,Not applicable,Not applicable,Common,Common,Applicable,Not applicable,Applicable,Not applicable,Not applicable,Not applicable,Not applicable,Not applicable,Not applicable,Not applicable,Not applicable,Not applicable,Not applicable,Not applicable,Not applicable,Not applicable,Not applicable,Not applicable,Not applicable,Not applicable
ROL-0216,Civil Engineer,ENGR,PRO,Not applicable,Not applicable,Not applicable,Not applicable,Not applicable,Not applicable,Common,Not applicable,Applicable,Not applicable,Not applicable,Not applicable,Not applicable,Not applicable,Applicable,Not applicable,Not applicable,Not applicable,Not applicable,Not applicable,Not applicable,Not applicable,Not applicable,Not applicable,Not applicable,Not applicable
ROL-0217,Electrical Engineer,ENGR,PRO,Not applicable,Not applicable,Not applicable,Not applicable,Not applicable,Common,Common,Not applicable,Common,Not applicable,Not applicable,Not applicable,Not applicable,Not applicable,Not applicable,Not applicable,Not applicable,Not applicable,Not applicable,Not applicable,Not applicable,Not applicable,Not applicable,Not applicable,Not applicable,Not applicable
ROL-0218,Design Engineer,ENGR,PRO,Not applicable,Not applicable,Not applicable,Not applicable,Common,Common,Not applicable,Not applicable,Not applicable,Applicable,Not applicable,Not applicable,Not applicable,Not applicable,Not applicable,Not applicable,Not applicable,Not applicable,Not applicable,Not applicable,Not applicable,Not applicable,Not applicable,Not applicable,Not applicable,Not applicable
ROL-0219,Project Engineer,ENGR,PRO,Not applicable,Not applicable,Not applicable,Not applicable,Not applicable,Common,Common,Not applicable,Common,Not applicable,Not applicable,Not applicable,Not applicable,Not applicable,Not applicable,Not applicable,Not applicable,Not applicable,Not applicable,Not applicable,Not applicable,Not applicable,Not applicable,Not applicable,Not applicable,Not applicable
ROL-0220,Machine Operator,PROD,EXE,Not applicable,Not applicable,Not applicable,Not applicable,Not applicable,Common,Not applicable,Not applicable,Not applicable,Not applicable,Not applicable,Not applicable,Not applicable,Not applicable,Not applicable,Not applicable,Not applicable,Not applicable,Not applicable,Not applicable,Not applicable,Not applicable,Not applicable,Not applicable,Not applicable,Not applicable
ROL-0221,Production Line Worker,PROD,AST,Not applicable,Not applicable,Not applicable,Not applicable,Not applicable,Common,Not applicable,Not applicable,Not applicable,Not applicable,Not applicable,Not applicable,Not applicable,Not applicable,Not applicable,Applicable,Not applicable,Not applicable,Not applicable,Not applicable,Not applicable,Not applicable,Not applicable,Not applicable,Not applicable,Not applicable
ROL-0222,Garment Worker / Tailor,PROD,EXE,Applicable,Not applicable,Not applicable,Not applicable,Not applicable,Common,Not applicable,Not applicable,Not applicable,Not applicable,Not applicable,Not applicable,Not applicable,Not applicable,Not applicable,Not applicable,Not applicable,Not applicable,Not applicable,Not applicable,Not applicable,Not applicable,Not applicable,Applicable,Not applicable,Not applicable
ROL-0223,Packing Operator,PROD,AST,Not applicable,Applicable,Not applicable,Not applicable,Not applicable,Common,Not applicable,Not applicable,Not applicable,Not applicable,Not applicable,Not applicable,Not applicable,Not applicable,Not applicable,Not applicable,Not applicable,Not applicable,Not applicable,Not applicable,Not applicable,Not applicable,Not applicable,Not applicable,Not applicable,Not applicable
ROL-0224,Production Planner,PROD,PRO,Not applicable,Not applicable,Not applicable,Not applicable,Not applicable,Common,Not applicable,Not applicable,Not applicable,Not applicable,Not applicable,Not applicable,Not applicable,Not applicable,Not applicable,Not applicable,Not applicable,Not applicable,Not applicable,Not applicable,Not applicable,Not applicable,Not applicable,Not applicable,Not applicable,Not applicable
ROL-0225,Production Manager,PROD,MGR,Not applicable,Not applicable,Not applicable,Not applicable,Not applicable,Common,Not applicable,Not applicable,Not applicable,Not applicable,Not applicable,Not applicable,Not applicable,Not applicable,Not applicable,Not applicable,Not applicable,Not applicable,Not applicable,Not applicable,Not applicable,Not applicable,Not applicable,Not applicable,Not applicable,Not applicable
ROL-0226,Plant Manager,PROD,DIR,Not applicable,Not applicable,Not applicable,Not applicable,Not applicable,Common,Not applicable,Not applicable,Applicable,Not applicable,Not applicable,Not applicable,Not applicable,Not applicable,Not applicable,Not applicable,Not applicable,Not applicable,Not applicable,Not applicable,Not applicable,Not applicable,Not applicable,Not applicable,Not applicable,Not applicable
ROL-0227,Quality Inspector,QLTY,EXE,Not applicable,Not applicable,Not applicable,Not applicable,Applicable,Common,Applicable,Not applicable,Not applicable,Not applicable,Not applicable,Not applicable,Not applicable,Not applicable,Not applicable,Not applicable,Not applicable,Not applicable,Not applicable,Not applicable,Not applicable,Not applicable,Not applicable,Not applicable,Not applicable,Not applicable
ROL-0228,Quality Engineer,QLTY,PRO,Not applicable,Not applicable,Not applicable,Not applicable,Not applicable,Common,Not applicable,Not applicable,Not applicable,Applicable,Not applicable,Not applicable,Not applicable,Not applicable,Not applicable,Not applicable,Not applicable,Not applicable,Not applicable,Not applicable,Not applicable,Not applicable,Not applicable,Not applicable,Not applicable,Not applicable
ROL-0229,Quality Manager,QLTY,MGR,Not applicable,Not applicable,Not applicable,Not applicable,Not applicable,Common,Not applicable,Not applicable,Not applicable,Not applicable,Applicable,Not applicable,Industry-specific specialization required,Not applicable,Not applicable,Not applicable,Not applicable,Not applicable,Not applicable,Not applicable,Not applicable,Not applicable,Not applicable,Not applicable,Not applicable,Not applicable
ROL-0230,Food Safety Officer,QLTY,PRO,Applicable,Not applicable,Common,Not applicable,Not applicable,Common,Not applicable,Not applicable,Not applicable,Not applicable,Not applicable,Not applicable,Not applicable,Not applicable,Not applicable,Not applicable,Not applicable,Not applicable,Not applicable,Not applicable,Not applicable,Not applicable,Not applicable,Not applicable,Not applicable,Not applicable
ROL-0231,Maintenance Technician,MAINT,EXE,Applicable,Applicable,Common,Applicable,Applicable,Common,Common,Applicable,Applicable,Applicable,Applicable,Applicable,Common,Applicable,Applicable,Applicable,Applicable,Applicable,Applicable,Applicable,Applicable,Applicable,Applicable,Applicable,Applicable,Applicable
ROL-0232,Facility Executive,MAINT,EXE,Applicable,Applicable,Applicable,Applicable,Applicable,Applicable,Common,Applicable,Applicable,Applicable,Applicable,Applicable,Applicable,Applicable,Applicable,Applicable,Applicable,Applicable,Applicable,Applicable,Applicable,Applicable,Common,Applicable,Applicable,Applicable
ROL-0233,Facility Manager,MAINT,MGR,Applicable,Applicable,Applicable,Applicable,Applicable,Applicable,Common,Applicable,Applicable,Applicable,Applicable,Applicable,Applicable,Applicable,Applicable,Applicable,Applicable,Applicable,Applicable,Applicable,Applicable,Applicable,Common,Applicable,Applicable,Applicable
ROL-0234,Electricity Lineman,UTLF,EXE,Not applicable,Not applicable,Not applicable,Not applicable,Not applicable,Not applicable,Not applicable,Not applicable,Common,Not applicable,Not applicable,Not applicable,Not applicable,Not applicable,Not applicable,Not applicable,Not applicable,Not applicable,Not applicable,Not applicable,Not applicable,Not applicable,Not applicable,Not applicable,Not applicable,Not applicable
ROL-0235,Meter Reader,UTLF,EXE,Not applicable,Not applicable,Not applicable,Not applicable,Not applicable,Not applicable,Not applicable,Not applicable,Common,Not applicable,Not applicable,Not applicable,Not applicable,Not applicable,Not applicable,Not applicable,Not applicable,Not applicable,Not applicable,Not applicable,Not applicable,Not applicable,Not applicable,Not applicable,Not applicable,Not applicable
ROL-0236,Utility Customer Service Officer,UTLF,EXE,Not applicable,Not applicable,Not applicable,Not applicable,Not applicable,Not applicable,Not applicable,Not applicable,Common,Not applicable,Not applicable,Not applicable,Not applicable,Not applicable,Not applicable,Not applicable,Not applicable,Not applicable,Not applicable,Not applicable,Not applicable,Not applicable,Not applicable,Not applicable,Not applicable,Not applicable
ROL-0237,Water Supply Operator,UTLF,EXE,Not applicable,Not applicable,Not applicable,Not applicable,Not applicable,Not applicable,Not applicable,Not applicable,Common,Not applicable,Not applicable,Not applicable,Not applicable,Not applicable,Not applicable,Not applicable,Not applicable,Not applicable,Not applicable,Not applicable,Not applicable,Not applicable,Not applicable,Not applicable,Not applicable,Not applicable
ROL-0238,Security Guard,SECF,AST,Applicable,Applicable,Applicable,Applicable,Applicable,Applicable,Applicable,Applicable,Applicable,Applicable,Applicable,Applicable,Applicable,Applicable,Applicable,Applicable,Common,Applicable,Applicable,Applicable,Applicable,Applicable,Applicable,Applicable,Applicable,Applicable
ROL-0239,Security Supervisor,SECF,SUP,Applicable,Applicable,Applicable,Applicable,Applicable,Applicable,Applicable,Applicable,Applicable,Applicable,Applicable,Applicable,Applicable,Applicable,Applicable,Applicable,Common,Applicable,Applicable,Applicable,Applicable,Applicable,Applicable,Applicable,Applicable,Applicable
ROL-0240,Security Officer (Corporate),SECF,EXE,Applicable,Applicable,Applicable,Applicable,Applicable,Applicable,Applicable,Applicable,Applicable,Applicable,Applicable,Applicable,Applicable,Applicable,Applicable,Applicable,Common,Applicable,Applicable,Applicable,Applicable,Applicable,Common,Applicable,Applicable,Applicable
ROL-0241,CCTV Operator,SECF,EXE,Applicable,Not applicable,Not applicable,Not applicable,Not applicable,Not applicable,Not applicable,Not applicable,Not applicable,Not applicable,Not applicable,Not applicable,Not applicable,Not applicable,Not applicable,Not applicable,Common,Not applicable,Not applicable,Not applicable,Not applicable,Not applicable,Not applicable,Not applicable,Not applicable,Not applicable
ROL-0242,Security Manager,SECF,MGR,Applicable,Applicable,Applicable,Applicable,Applicable,Applicable,Applicable,Applicable,Applicable,Applicable,Applicable,Applicable,Applicable,Applicable,Applicable,Applicable,Common,Applicable,Applicable,Applicable,Applicable,Applicable,Common,Applicable,Applicable,Applicable
ROL-0243,Fire Safety Officer,SECF,PRO,Not applicable,Not applicable,Applicable,Not applicable,Not applicable,Applicable,Applicable,Not applicable,Not applicable,Not applicable,Not applicable,Not applicable,Applicable,Not applicable,Not applicable,Not applicable,Common,Not applicable,Not applicable,Not applicable,Not applicable,Not applicable,Not applicable,Not applicable,Not applicable,Not applicable
ROL-0244,Farmer,AGRF,OWN,Not applicable,Not applicable,Not applicable,Not applicable,Not applicable,Not applicable,Not applicable,Not applicable,Not applicable,Not applicable,Not applicable,Not applicable,Not applicable,Not applicable,Not applicable,Common,Not applicable,Not applicable,Not applicable,Not applicable,Not applicable,Not applicable,Not applicable,Not applicable,Not applicable,Not applicable
ROL-0245,Farm Worker,AGRF,AST,Not applicable,Not applicable,Not applicable,Not applicable,Not applicable,Not applicable,Not applicable,Not applicable,Not applicable,Not applicable,Not applicable,Not applicable,Not applicable,Not applicable,Not applicable,Common,Not applicable,Not applicable,Not applicable,Not applicable,Not applicable,Not applicable,Not applicable,Not applicable,Not applicable,Not applicable
ROL-0246,Agricultural Extension Worker,AGRF,EXE,Not applicable,Not applicable,Not applicable,Not applicable,Not applicable,Not applicable,Not applicable,Not applicable,Not applicable,Not applicable,Not applicable,Not applicable,Not applicable,Not applicable,Applicable,Common,Not applicable,Not applicable,Not applicable,Not applicable,Applicable,Not applicable,Not applicable,Not applicable,Not applicable,Not applicable
ROL-0247,Agri-Input Dealer,AGRF,OWN,Applicable,Not applicable,Not applicable,Not applicable,Not applicable,Not applicable,Not applicable,Not applicable,Not applicable,Not applicable,Not applicable,Not applicable,Not applicable,Not applicable,Not applicable,Common,Not applicable,Not applicable,Not applicable,Not applicable,Not applicable,Not applicable,Not applicable,Not applicable,Not applicable,Not applicable
ROL-0248,Dairy Collection Centre Operator,AGRF,EXE,Not applicable,Not applicable,Not applicable,Not applicable,Not applicable,Not applicable,Not applicable,Not applicable,Not applicable,Not applicable,Not applicable,Not applicable,Not applicable,Not applicable,Not applicable,Common,Not applicable,Not applicable,Not applicable,Not applicable,Not applicable,Not applicable,Not applicable,Not applicable,Not applicable,Not applicable
ROL-0249,Agronomist,AGRF,PRO,Not applicable,Not applicable,Not applicable,Not applicable,Not applicable,Not applicable,Not applicable,Not applicable,Not applicable,Not applicable,Not applicable,Not applicable,Not applicable,Not applicable,Not applicable,Common,Not applicable,Not applicable,Not applicable,Not applicable,Not applicable,Not applicable,Not applicable,Not applicable,Not applicable,Not applicable
ROL-0250,FPO Coordinator,AGRF,SNR,Not applicable,Not applicable,Not applicable,Not applicable,Not applicable,Not applicable,Not applicable,Not applicable,Not applicable,Not applicable,Not applicable,Not applicable,Not applicable,Not applicable,Not applicable,Common,Not applicable,Not applicable,Not applicable,Not applicable,Applicable,Not applicable,Not applicable,Not applicable,Not applicable,Not applicable
ROL-0251,Fisher / Fishing Crew,FSHR,AST,Not applicable,Not applicable,Not applicable,Not applicable,Not applicable,Not applicable,Not applicable,Not applicable,Not applicable,Not applicable,Not applicable,Not applicable,Not applicable,Not applicable,Not applicable,Common,Not applicable,Not applicable,Not applicable,Not applicable,Not applicable,Not applicable,Not applicable,Not applicable,Not applicable,Not applicable
ROL-0252,Fish Farm Worker,FSHR,AST,Not applicable,Not applicable,Not applicable,Not applicable,Not applicable,Not applicable,Not applicable,Not applicable,Not applicable,Not applicable,Not applicable,Not applicable,Not applicable,Not applicable,Not applicable,Common,Not applicable,Not applicable,Not applicable,Not applicable,Not applicable,Not applicable,Not applicable,Not applicable,Not applicable,Not applicable
ROL-0253,Fish Landing Centre Agent,FSHR,OWN,Common,Not applicable,Not applicable,Not applicable,Not applicable,Not applicable,Not applicable,Not applicable,Not applicable,Not applicable,Not applicable,Not applicable,Not applicable,Not applicable,Not applicable,Common,Not applicable,Not applicable,Not applicable,Not applicable,Not applicable,Not applicable,Not applicable,Not applicable,Not applicable,Not applicable
ROL-0254,System Administrator,ITF,PRO,Applicable,Applicable,Applicable,Applicable,Applicable,Applicable,Applicable,Applicable,Applicable,Common,Applicable,Applicable,Applicable,Applicable,Applicable,Applicable,Applicable,Applicable,Applicable,Applicable,Applicable,Applicable,Applicable,Applicable,Applicable,Applicable
ROL-0255,Network Engineer,ITF,PRO,Applicable,Applicable,Applicable,Applicable,Applicable,Applicable,Applicable,Applicable,Applicable,Common,Applicable,Applicable,Applicable,Applicable,Applicable,Applicable,Applicable,Applicable,Applicable,Applicable,Applicable,Applicable,Applicable,Applicable,Applicable,Applicable
ROL-0256,Software Tester,ITF,PRO,Not applicable,Not applicable,Not applicable,Not applicable,Not applicable,Not applicable,Not applicable,Not applicable,Not applicable,Common,Not applicable,Not applicable,Not applicable,Not applicable,Not applicable,Not applicable,Not applicable,Not applicable,Not applicable,Not applicable,Not applicable,Not applicable,Not applicable,Not applicable,Not applicable,Not applicable
ROL-0257,DevOps Engineer,ITF,PRO,Not applicable,Not applicable,Not applicable,Not applicable,Not applicable,Not applicable,Not applicable,Not applicable,Not applicable,Common,Not applicable,Not applicable,Not applicable,Not applicable,Not applicable,Not applicable,Not applicable,Not applicable,Not applicable,Not applicable,Not applicable,Not applicable,Not applicable,Not applicable,Not applicable,Not applicable
ROL-0258,Product Manager,ITF,MGR,Not applicable,Not applicable,Not applicable,Not applicable,Not applicable,Not applicable,Not applicable,Not applicable,Not applicable,Common,Not applicable,Applicable,Not applicable,Not applicable,Not applicable,Not applicable,Not applicable,Not applicable,Not applicable,Not applicable,Not applicable,Not applicable,Not applicable,Applicable,Not applicable,Not applicable
ROL-0259,Business Analyst,ITF,PRO,Not applicable,Not applicable,Not applicable,Not applicable,Not applicable,Not applicable,Not applicable,Not applicable,Not applicable,Common,Not applicable,Common,Not applicable,Not applicable,Not applicable,Not applicable,Not applicable,Not applicable,Not applicable,Applicable,Not applicable,Not applicable,Not applicable,Not applicable,Not applicable,Not applicable
ROL-0260,Cybersecurity Analyst,ITF,PRO,Not applicable,Not applicable,Not applicable,Not applicable,Not applicable,Not applicable,Not applicable,Not applicable,Not applicable,Common,Not applicable,Applicable,Not applicable,Not applicable,Not applicable,Not applicable,Not applicable,Not applicable,Not applicable,Not applicable,Not applicable,Not applicable,Not applicable,Not applicable,Not applicable,Not applicable
ROL-0261,Technical Writer,ITF,PRO,Not applicable,Not applicable,Not applicable,Not applicable,Not applicable,Applicable,Not applicable,Not applicable,Not applicable,Common,Not applicable,Not applicable,Not applicable,Not applicable,Not applicable,Not applicable,Not applicable,Not applicable,Not applicable,Not applicable,Not applicable,Not applicable,Not applicable,Not applicable,Not applicable,Not applicable
ROL-0262,UI / UX Designer,ITF,PRO,Not applicable,Not applicable,Not applicable,Not applicable,Not applicable,Not applicable,Not applicable,Not applicable,Not applicable,Common,Not applicable,Not applicable,Not applicable,Not applicable,Not applicable,Not applicable,Not applicable,Not applicable,Applicable,Not applicable,Not applicable,Not applicable,Not applicable,Not applicable,Not applicable,Not applicable
ROL-0263,Data Entry Operator,DATF,AST,Applicable,Applicable,Applicable,Applicable,Applicable,Applicable,Applicable,Applicable,Applicable,Applicable,Common,Applicable,Applicable,Applicable,Common,Applicable,Applicable,Applicable,Applicable,Applicable,Applicable,Applicable,Common,Applicable,Applicable,Applicable
ROL-0264,MIS Executive,DATF,EXE,Applicable,Applicable,Applicable,Applicable,Applicable,Applicable,Applicable,Applicable,Applicable,Applicable,Common,Common,Applicable,Applicable,Applicable,Applicable,Applicable,Applicable,Applicable,Applicable,Applicable,Applicable,Common,Applicable,Applicable,Applicable
ROL-0265,Data Analyst,DATF,PRO,Applicable,Applicable,Applicable,Applicable,Applicable,Applicable,Applicable,Applicable,Applicable,Common,Applicable,Common,Applicable,Applicable,Applicable,Applicable,Applicable,Applicable,Applicable,Applicable,Applicable,Applicable,Common,Applicable,Applicable,Applicable
ROL-0266,Data Scientist,DATF,PRO,Not applicable,Not applicable,Not applicable,Not applicable,Not applicable,Not applicable,Not applicable,Not applicable,Not applicable,Common,Not applicable,Applicable,Not applicable,Not applicable,Not applicable,Not applicable,Not applicable,Not applicable,Not applicable,Not applicable,Not applicable,Not applicable,Not applicable,Not applicable,Not applicable,Not applicable
ROL-0267,Bank Teller,BNKF,EXE,Not applicable,Not applicable,Not applicable,Not applicable,Not applicable,Not applicable,Not applicable,Not applicable,Not applicable,Not applicable,Not applicable,Common,Not applicable,Not applicable,Not applicable,Not applicable,Not applicable,Not applicable,Not applicable,Not applicable,Not applicable,Not applicable,Not applicable,Not applicable,Not applicable,Not applicable
ROL-0268,Bank Customer Service Officer,BNKF,EXE,Not applicable,Not applicable,Not applicable,Not applicable,Not applicable,Not applicable,Not applicable,Not applicable,Not applicable,Not applicable,Not applicable,Common,Not applicable,Not applicable,Not applicable,Not applicable,Not applicable,Not applicable,Not applicable,Not applicable,Not applicable,Not applicable,Not applicable,Not applicable,Not applicable,Not applicable
ROL-0269,Relationship Manager (Banking),BNKF,SNR,Not applicable,Not applicable,Not applicable,Not applicable,Not applicable,Not applicable,Not applicable,Not applicable,Not applicable,Not applicable,Not applicable,Common,Not applicable,Not applicable,Not applicable,Not applicable,Not applicable,Not applicable,Not applicable,Not applicable,Not applicable,Not applicable,Not applicable,Not applicable,Not applicable,Not applicable
ROL-0270,Loan Officer,BNKF,EXE,Not applicable,Not applicable,Not applicable,Not applicable,Not applicable,Not applicable,Not applicable,Not applicable,Not applicable,Not applicable,Not applicable,Common,Not applicable,Not applicable,Not applicable,Not applicable,Not applicable,Not applicable,Not applicable,Not applicable,Not applicable,Not applicable,Not applicable,Not applicable,Not applicable,Not applicable
ROL-0271,Microfinance Loan Officer,BNKF,EXE,Not applicable,Not applicable,Not applicable,Not applicable,Not applicable,Not applicable,Not applicable,Not applicable,Not applicable,Not applicable,Not applicable,Common,Not applicable,Not applicable,Not applicable,Not applicable,Not applicable,Not applicable,Not applicable,Not applicable,Applicable,Not applicable,Not applicable,Not applicable,Not applicable,Not applicable
ROL-0272,Banking Correspondent Agent,BNKF,OWN,Not applicable,Not applicable,Not applicable,Not applicable,Not applicable,Not applicable,Not applicable,Not applicable,Not applicable,Not applicable,Not applicable,Common,Not applicable,Not applicable,Applicable,Not applicable,Not applicable,Not applicable,Not applicable,Not applicable,Not applicable,Not applicable,Not applicable,Not applicable,Not applicable,Not applicable
ROL-0273,Branch Operations Manager,BNKF,MGR,Not applicable,Not applicable,Not applicable,Not applicable,Not applicable,Not applicable,Not applicable,Not applicable,Not applicable,Not applicable,Not applicable,Common,Not applicable,Not applicable,Not applicable,Not applicable,Not applicable,Not applicable,Not applicable,Not applicable,Not applicable,Not applicable,Not applicable,Not applicable,Not applicable,Not applicable
ROL-0274,Branch Manager (Banking),BNKF,MGR,Not applicable,Not applicable,Not applicable,Not applicable,Not applicable,Not applicable,Not applicable,Not applicable,Not applicable,Not applicable,Not applicable,Common,Not applicable,Not applicable,Not applicable,Not applicable,Not applicable,Not applicable,Not applicable,Not applicable,Not applicable,Not applicable,Not applicable,Not applicable,Not applicable,Not applicable
ROL-0275,Probationary Officer,BNKF,TRN,Not applicable,Not applicable,Not applicable,Not applicable,Not applicable,Not applicable,Not applicable,Not applicable,Not applicable,Not applicable,Not applicable,Common,Not applicable,Not applicable,Not applicable,Not applicable,Not applicable,Not applicable,Not applicable,Not applicable,Not applicable,Not applicable,Not applicable,Not applicable,Not applicable,Not applicable
ROL-0276,Accounts Assistant,FIN,AST,Common,Common,Common,Common,Common,Common,Common,Common,Common,Common,Common,Common,Common,Common,Common,Common,Common,Common,Common,Common,Common,Common,Common,Common,Common,Common
ROL-0277,Accounts Payable Executive,FIN,EXE,Common,Applicable,Applicable,Applicable,Applicable,Common,Applicable,Applicable,Applicable,Common,Applicable,Applicable,Applicable,Applicable,Applicable,Applicable,Applicable,Applicable,Applicable,Applicable,Applicable,Applicable,Common,Applicable,Applicable,Applicable
ROL-0278,Internal Auditor,FIN,PRO,Applicable,Applicable,Applicable,Applicable,Applicable,Common,Applicable,Applicable,Applicable,Applicable,Applicable,Common,Applicable,Applicable,Applicable,Applicable,Applicable,Applicable,Applicable,Applicable,Applicable,Applicable,Common,Applicable,Applicable,Applicable
ROL-0279,Tax Consultant,FIN,PRO,Not applicable,Not applicable,Not applicable,Not applicable,Not applicable,Not applicable,Not applicable,Not applicable,Not applicable,Not applicable,Not applicable,Common,Not applicable,Not applicable,Not applicable,Not applicable,Not applicable,Not applicable,Not applicable,Common,Not applicable,Not applicable,Not applicable,Applicable,Not applicable,Not applicable
ROL-0280,Chartered Accountant,FIN,PRO,Not applicable,Not applicable,Not applicable,Not applicable,Not applicable,Not applicable,Not applicable,Not applicable,Not applicable,Not applicable,Not applicable,Common,Not applicable,Not applicable,Not applicable,Not applicable,Not applicable,Not applicable,Not applicable,Common,Not applicable,Not applicable,Applicable,Not applicable,Not applicable,Not applicable
ROL-0281,Chief Financial Officer,FIN,DIR,Applicable,Applicable,Applicable,Applicable,Applicable,Common,Applicable,Applicable,Applicable,Common,Applicable,Common,Applicable,Applicable,Applicable,Applicable,Applicable,Applicable,Applicable,Applicable,Applicable,Applicable,Common,Applicable,Applicable,Applicable
ROL-0282,Insurance Advisor,INSF,EXE,Not applicable,Not applicable,Not applicable,Not applicable,Applicable,Not applicable,Not applicable,Not applicable,Not applicable,Not applicable,Not applicable,Common,Applicable,Not applicable,Not applicable,Not applicable,Not applicable,Not applicable,Not applicable,Not applicable,Not applicable,Not applicable,Not applicable,Not applicable,Not applicable,Not applicable
ROL-0283,Claims Executive,INSF,EXE,Not applicable,Not applicable,Not applicable,Not applicable,Industry-specific specialization required,Not applicable,Not applicable,Not applicable,Not applicable,Not applicable,Not applicable,Common,Industry-specific specialization required,Not applicable,Not applicable,Not applicable,Not applicable,Not applicable,Not applicable,Not applicable,Not applicable,Not applicable,Not applicable,Not applicable,Not applicable,Not applicable
ROL-0284,Underwriter,INSF,PRO,Not applicable,Not applicable,Not applicable,Not applicable,Not applicable,Not applicable,Not applicable,Not applicable,Not applicable,Not applicable,Not applicable,Common,Not applicable,Not applicable,Not applicable,Not applicable,Not applicable,Not applicable,Not applicable,Not applicable,Not applicable,Not applicable,Not applicable,Not applicable,Not applicable,Not applicable
ROL-0285,Insurance Branch Manager,INSF,MGR,Not applicable,Not applicable,Not applicable,Not applicable,Not applicable,Not applicable,Not applicable,Not applicable,Not applicable,Not applicable,Not applicable,Common,Not applicable,Not applicable,Not applicable,Not applicable,Not applicable,Not applicable,Not applicable,Not applicable,Not applicable,Not applicable,Not applicable,Not applicable,Not applicable,Not applicable
ROL-0286,Recruiter,HR,EXE,Applicable,Applicable,Industry-specific specialization required,Applicable,Applicable,Applicable,Applicable,Applicable,Applicable,Common,Common,Applicable,Industry-specific specialization required,Applicable,Applicable,Applicable,Applicable,Applicable,Applicable,Common,Applicable,Applicable,Applicable,Applicable,Applicable,Applicable
ROL-0287,HR Assistant,HR,AST,Common,Common,Common,Common,Common,Common,Common,Common,Common,Common,Common,Common,Common,Common,Common,Common,Common,Common,Common,Common,Common,Common,Common,Common,Common,Common
ROL-0288,Payroll Executive,HR,EXE,Applicable,Applicable,Applicable,Applicable,Applicable,Common,Applicable,Applicable,Applicable,Common,Common,Applicable,Applicable,Applicable,Applicable,Applicable,Applicable,Applicable,Applicable,Applicable,Applicable,Applicable,Common,Applicable,Applicable,Applicable
ROL-0289,HR Business Partner,HR,SNR,Applicable,Applicable,Applicable,Applicable,Applicable,Applicable,Applicable,Applicable,Applicable,Common,Common,Common,Applicable,Applicable,Applicable,Applicable,Applicable,Applicable,Applicable,Applicable,Applicable,Applicable,Common,Applicable,Applicable,Applicable
ROL-0290,HR Director,HR,DIR,Applicable,Applicable,Applicable,Applicable,Applicable,Common,Applicable,Applicable,Applicable,Common,Applicable,Common,Applicable,Applicable,Applicable,Applicable,Applicable,Applicable,Applicable,Applicable,Applicable,Applicable,Common,Applicable,Applicable,Applicable
ROL-0291,Office Assistant,ADMN,AST,Applicable,Applicable,Applicable,Applicable,Applicable,Applicable,Applicable,Applicable,Applicable,Applicable,Applicable,Applicable,Applicable,Common,Common,Applicable,Applicable,Applicable,Applicable,Common,Applicable,Applicable,Common,Applicable,Applicable,Applicable
ROL-0292,Executive Assistant,ADMN,SNR,Applicable,Applicable,Applicable,Applicable,Applicable,Applicable,Applicable,Applicable,Applicable,Common,Applicable,Common,Applicable,Applicable,Applicable,Applicable,Applicable,Applicable,Applicable,Common,Applicable,Applicable,Common,Applicable,Applicable,Applicable
ROL-0293,Advocate / Lawyer,LGLF,PRO,Not applicable,Not applicable,Not applicable,Not applicable,Not applicable,Not applicable,Not applicable,Not applicable,Not applicable,Not applicable,Not applicable,Applicable,Not applicable,Not applicable,Not applicable,Not applicable,Not applicable,Not applicable,Not applicable,Common,Not applicable,Not applicable,Applicable,Not applicable,Not applicable,Not applicable
ROL-0294,Legal Assistant,LGLF,EXE,Not applicable,Not applicable,Not applicable,Not applicable,Not applicable,Not applicable,Not applicable,Not applicable,Not applicable,Not applicable,Not applicable,Not applicable,Not applicable,Not applicable,Not applicable,Not applicable,Not applicable,Not applicable,Not applicable,Common,Not applicable,Not applicable,Applicable,Not applicable,Not applicable,Not applicable
ROL-0295,Compliance Officer,LGLF,PRO,Applicable,Applicable,Applicable,Applicable,Applicable,Applicable,Applicable,Applicable,Applicable,Applicable,Applicable,Common,Industry-specific specialization required,Applicable,Applicable,Applicable,Applicable,Applicable,Applicable,Applicable,Applicable,Applicable,Common,Applicable,Applicable,Applicable
ROL-0296,Digital Marketing Executive,MKTG,EXE,Common,Applicable,Applicable,Applicable,Applicable,Applicable,Applicable,Applicable,Applicable,Common,Applicable,Applicable,Applicable,Applicable,Applicable,Applicable,Applicable,Applicable,Common,Applicable,Applicable,Applicable,Applicable,Applicable,Applicable,Applicable
ROL-0297,Social Media Executive,MKTG,EXE,Applicable,Applicable,Applicable,Applicable,Applicable,Applicable,Applicable,Applicable,Applicable,Applicable,Applicable,Applicable,Applicable,Applicable,Applicable,Applicable,Applicable,Applicable,Common,Applicable,Applicable,Applicable,Applicable,Applicable,Applicable,Applicable
ROL-0298,Brand Manager,MKTG,MGR,Common,Applicable,Applicable,Applicable,Applicable,Common,Applicable,Applicable,Applicable,Applicable,Applicable,Applicable,Applicable,Applicable,Applicable,Applicable,Applicable,Applicable,Applicable,Applicable,Applicable,Applicable,Applicable,Applicable,Applicable,Applicable
ROL-0299,Advertising Account Executive,MKTG,EXE,Not applicable,Not applicable,Not applicable,Not applicable,Not applicable,Not applicable,Not applicable,Not applicable,Not applicable,Not applicable,Not applicable,Not applicable,Not applicable,Not applicable,Not applicable,Not applicable,Not applicable,Not applicable,Common,Not applicable,Not applicable,Not applicable,Not applicable,Not applicable,Not applicable,Not applicable
ROL-0300,Public Relations Executive,MKTG,EXE,Applicable,Applicable,Applicable,Applicable,Applicable,Applicable,Applicable,Applicable,Applicable,Applicable,Applicable,Applicable,Applicable,Applicable,Applicable,Applicable,Applicable,Applicable,Common,Applicable,Applicable,Applicable,Common,Applicable,Applicable,Applicable
ROL-0301,Marketing Head,MKTG,HOD,Common,Applicable,Applicable,Applicable,Applicable,Common,Applicable,Applicable,Applicable,Common,Applicable,Applicable,Applicable,Applicable,Applicable,Applicable,Applicable,Applicable,Common,Applicable,Applicable,Applicable,Applicable,Applicable,Applicable,Applicable
ROL-0302,Journalist / Reporter,MEDF,PRO,Not applicable,Not applicable,Not applicable,Not applicable,Not applicable,Not applicable,Not applicable,Not applicable,Not applicable,Not applicable,Not applicable,Not applicable,Not applicable,Not applicable,Not applicable,Not applicable,Not applicable,Not applicable,Common,Not applicable,Not applicable,Not applicable,Not applicable,Not applicable,Not applicable,Not applicable
ROL-0303,News Editor,MEDF,MGR,Not applicable,Not applicable,Not applicable,Not applicable,Not applicable,Not applicable,Not applicable,Not applicable,Not applicable,Not applicable,Not applicable,Not applicable,Not applicable,Not applicable,Not applicable,Not applicable,Not applicable,Not applicable,Common,Not applicable,Not applicable,Not applicable,Not applicable,Not applicable,Not applicable,Not applicable
ROL-0304,Camera Operator,MEDF,EXE,Not applicable,Not applicable,Not applicable,Not applicable,Not applicable,Not applicable,Not applicable,Not applicable,Not applicable,Not applicable,Not applicable,Not applicable,Not applicable,Not applicable,Not applicable,Not applicable,Not applicable,Not applicable,Common,Not applicable,Not applicable,Not applicable,Not applicable,Not applicable,Not applicable,Not applicable
ROL-0305,News Anchor,MEDF,PRO,Not applicable,Not applicable,Not applicable,Not applicable,Not applicable,Not applicable,Not applicable,Not applicable,Not applicable,Not applicable,Not applicable,Not applicable,Not applicable,Not applicable,Not applicable,Not applicable,Not applicable,Not applicable,Common,Not applicable,Not applicable,Not applicable,Not applicable,Not applicable,Not applicable,Not applicable
ROL-0306,Radio Jockey,MEDF,PRO,Not applicable,Not applicable,Not applicable,Not applicable,Not applicable,Not applicable,Not applicable,Not applicable,Not applicable,Not applicable,Not applicable,Not applicable,Not applicable,Not applicable,Not applicable,Not applicable,Not applicable,Not applicable,Common,Not applicable,Not applicable,Not applicable,Not applicable,Not applicable,Not applicable,Not applicable
ROL-0307,Graphic Designer,CRTV,PRO,Applicable,Applicable,Applicable,Applicable,Applicable,Applicable,Applicable,Applicable,Applicable,Applicable,Applicable,Applicable,Applicable,Applicable,Applicable,Applicable,Applicable,Applicable,Common,Applicable,Applicable,Applicable,Applicable,Applicable,Applicable,Applicable
ROL-0308,Photographer,CRTV,PRO,Not applicable,Not applicable,Not applicable,Not applicable,Not applicable,Not applicable,Not applicable,Not applicable,Not applicable,Not applicable,Not applicable,Not applicable,Not applicable,Not applicable,Not applicable,Not applicable,Not applicable,Not applicable,Common,Not applicable,Not applicable,Not applicable,Not applicable,Not applicable,Not applicable,Not applicable
ROL-0309,Video Editor,CRTV,PRO,Not applicable,Not applicable,Not applicable,Not applicable,Not applicable,Not applicable,Not applicable,Not applicable,Not applicable,Not applicable,Not applicable,Not applicable,Not applicable,Not applicable,Not applicable,Not applicable,Not applicable,Not applicable,Common,Not applicable,Not applicable,Not applicable,Not applicable,Not applicable,Not applicable,Not applicable
ROL-0310,Content Writer,CRTV,PRO,Applicable,Applicable,Applicable,Applicable,Applicable,Applicable,Applicable,Applicable,Applicable,Common,Applicable,Applicable,Applicable,Applicable,Applicable,Applicable,Applicable,Applicable,Common,Applicable,Applicable,Applicable,Applicable,Applicable,Applicable,Applicable
ROL-0311,Event Coordinator,EVTF,EXE,Not applicable,Not applicable,Common,Not applicable,Not applicable,Not applicable,Not applicable,Not applicable,Not applicable,Not applicable,Not applicable,Not applicable,Not applicable,Not applicable,Not applicable,Not applicable,Not applicable,Not applicable,Common,Not applicable,Not applicable,Industry-specific specialization required,Applicable,Not applicable,Not applicable,Not applicable
ROL-0312,Event Manager,EVTF,MGR,Not applicable,Not applicable,Common,Not applicable,Not applicable,Not applicable,Not applicable,Not applicable,Not applicable,Not applicable,Not applicable,Not applicable,Not applicable,Not applicable,Not applicable,Not applicable,Not applicable,Not applicable,Common,Not applicable,Not applicable,Industry-specific specialization required,Applicable,Not applicable,Not applicable,Not applicable
ROL-0313,Wedding Planner,EVTF,OWN,Not applicable,Not applicable,Common,Not applicable,Not applicable,Not applicable,Not applicable,Not applicable,Not applicable,Not applicable,Not applicable,Not applicable,Not applicable,Not applicable,Not applicable,Not applicable,Not applicable,Not applicable,Common,Not applicable,Not applicable,Not applicable,Not applicable,Not applicable,Not applicable,Not applicable
ROL-0314,Decorator,EVTF,OWN,Not applicable,Not applicable,Applicable,Not applicable,Not applicable,Not applicable,Not applicable,Not applicable,Not applicable,Not applicable,Not applicable,Not applicable,Not applicable,Not applicable,Not applicable,Not applicable,Not applicable,Not applicable,Common,Not applicable,Not applicable,Not applicable,Not applicable,Not applicable,Not applicable,Not applicable
ROL-0315,Doctor,MEDC,PRO,Not applicable,Not applicable,Not applicable,Not applicable,Not applicable,Not applicable,Not applicable,Not applicable,Not applicable,Not applicable,Not applicable,Not applicable,Common,Not applicable,Applicable,Not applicable,Not applicable,Not applicable,Not applicable,Not applicable,Not applicable,Not applicable,Not applicable,Not applicable,Not applicable,Not applicable
ROL-0316,Dentist,MEDC,PRO,Not applicable,Not applicable,Not applicable,Not applicable,Not applicable,Not applicable,Not applicable,Not applicable,Not applicable,Not applicable,Not applicable,Not applicable,Common,Not applicable,Not applicable,Not applicable,Not applicable,Not applicable,Not applicable,Not applicable,Not applicable,Not applicable,Not applicable,Not applicable,Not applicable,Not applicable
ROL-0317,Medical Officer (Public Health),MEDC,PRO,Not applicable,Not applicable,Not applicable,Not applicable,Not applicable,Not applicable,Not applicable,Not applicable,Not applicable,Not applicable,Not applicable,Not applicable,Common,Not applicable,Common,Not applicable,Not applicable,Not applicable,Not applicable,Not applicable,Not applicable,Not applicable,Not applicable,Not applicable,Not applicable,Not applicable
ROL-0318,Staff Nurse,NRSF,PRO,Not applicable,Not applicable,Not applicable,Not applicable,Not applicable,Applicable,Not applicable,Not applicable,Not applicable,Not applicable,Not applicable,Not applicable,Common,Applicable,Not applicable,Not applicable,Not applicable,Not applicable,Not applicable,Not applicable,Not applicable,Not applicable,Not applicable,Not applicable,Not applicable,Not applicable
ROL-0319,Hospital Assistant,NRSF,AST,Not applicable,Not applicable,Not applicable,Not applicable,Not applicable,Not applicable,Not applicable,Not applicable,Not applicable,Not applicable,Not applicable,Not applicable,Common,Not applicable,Not applicable,Not applicable,Not applicable,Not applicable,Not applicable,Not applicable,Not applicable,Not applicable,Not applicable,Not applicable,Not applicable,Not applicable
ROL-0320,Home Care Nurse,NRSF,PRO,Not applicable,Not applicable,Not applicable,Not applicable,Not applicable,Not applicable,Not applicable,Not applicable,Not applicable,Not applicable,Not applicable,Not applicable,Common,Not applicable,Not applicable,Not applicable,Not applicable,Not applicable,Not applicable,Not applicable,Not applicable,Not applicable,Not applicable,Not applicable,Common,Not applicable
ROL-0321,Midwife,NRSF,PRO,Not applicable,Not applicable,Not applicable,Not applicable,Not applicable,Not applicable,Not applicable,Not applicable,Not applicable,Not applicable,Not applicable,Not applicable,Common,Not applicable,Common,Not applicable,Not applicable,Not applicable,Not applicable,Not applicable,Not applicable,Not applicable,Not applicable,Not applicable,Not applicable,Not applicable
ROL-0322,Nursing Supervisor,NRSF,SUP,Not applicable,Not applicable,Not applicable,Not applicable,Not applicable,Not applicable,Not applicable,Not applicable,Not applicable,Not applicable,Not applicable,Not applicable,Common,Not applicable,Not applicable,Not applicable,Not applicable,Not applicable,Not applicable,Not applicable,Not applicable,Not applicable,Not applicable,Not applicable,Not applicable,Not applicable
ROL-0323,Optometrist,OPTF,PRO,Applicable,Not applicable,Not applicable,Not applicable,Not applicable,Not applicable,Not applicable,Not applicable,Not applicable,Not applicable,Not applicable,Not applicable,Common,Not applicable,Not applicable,Not applicable,Not applicable,Not applicable,Not applicable,Not applicable,Not applicable,Not applicable,Not applicable,Not applicable,Not applicable,Not applicable
ROL-0324,Optical Sales Associate,OPTF,EXE,Common,Not applicable,Not applicable,Not applicable,Not applicable,Not applicable,Not applicable,Not applicable,Not applicable,Not applicable,Not applicable,Not applicable,Common,Not applicable,Not applicable,Not applicable,Not applicable,Not applicable,Not applicable,Not applicable,Not applicable,Not applicable,Not applicable,Not applicable,Not applicable,Not applicable
ROL-0325,Ophthalmic Assistant,OPTF,EXE,Not applicable,Not applicable,Not applicable,Not applicable,Not applicable,Not applicable,Not applicable,Not applicable,Not applicable,Not applicable,Not applicable,Not applicable,Common,Not applicable,Not applicable,Not applicable,Not applicable,Not applicable,Not applicable,Not applicable,Not applicable,Not applicable,Not applicable,Not applicable,Not applicable,Not applicable
ROL-0326,Optical Store Manager,OPTF,MGR,Common,Not applicable,Not applicable,Not applicable,Not applicable,Not applicable,Not applicable,Not applicable,Not applicable,Not applicable,Not applicable,Not applicable,Common,Not applicable,Not applicable,Not applicable,Not applicable,Not applicable,Not applicable,Not applicable,Not applicable,Not applicable,Not applicable,Not applicable,Not applicable,Not applicable
ROL-0327,Pharmacist,PHRF,PRO,Not applicable,Not applicable,Not applicable,Not applicable,Not applicable,Not applicable,Not applicable,Not applicable,Not applicable,Not applicable,Not applicable,Not applicable,Common,Not applicable,Applicable,Not applicable,Not applicable,Not applicable,Not applicable,Not applicable,Not applicable,Not applicable,Not applicable,Not applicable,Not applicable,Not applicable
ROL-0328,Pharmacy Assistant,PHRF,AST,Not applicable,Not applicable,Not applicable,Not applicable,Not applicable,Not applicable,Not applicable,Not applicable,Not applicable,Not applicable,Not applicable,Not applicable,Common,Not applicable,Not applicable,Not applicable,Not applicable,Not applicable,Not applicable,Not applicable,Not applicable,Not applicable,Not applicable,Not applicable,Not applicable,Not applicable
ROL-0329,Pharmacy Store Manager,PHRF,MGR,Not applicable,Not applicable,Not applicable,Not applicable,Not applicable,Not applicable,Not applicable,Not applicable,Not applicable,Not applicable,Not applicable,Not applicable,Common,Not applicable,Not applicable,Not applicable,Not applicable,Not applicable,Not applicable,Not applicable,Not applicable,Not applicable,Not applicable,Not applicable,Not applicable,Not applicable
ROL-0330,Laboratory Technician,LABF,PRO,Not applicable,Not applicable,Not applicable,Not applicable,Not applicable,Applicable,Not applicable,Not applicable,Not applicable,Not applicable,Not applicable,Not applicable,Common,Applicable,Not applicable,Not applicable,Not applicable,Not applicable,Not applicable,Not applicable,Not applicable,Not applicable,Not applicable,Not applicable,Not applicable,Not applicable
ROL-0331,Phlebotomist / Sample Collection Executive,LABF,EXE,Not applicable,Not applicable,Not applicable,Not applicable,Not applicable,Not applicable,Not applicable,Not applicable,Not applicable,Not applicable,Not applicable,Not applicable,Common,Not applicable,Not applicable,Not applicable,Not applicable,Not applicable,Not applicable,Not applicable,Not applicable,Not applicable,Not applicable,Not applicable,Not applicable,Not applicable
ROL-0332,Laboratory Manager,LABF,MGR,Not applicable,Not applicable,Not applicable,Not applicable,Not applicable,Applicable,Not applicable,Not applicable,Not applicable,Not applicable,Not applicable,Not applicable,Common,Not applicable,Not applicable,Not applicable,Not applicable,Not applicable,Not applicable,Not applicable,Not applicable,Not applicable,Not applicable,Not applicable,Not applicable,Not applicable
ROL-0333,Clinic Coordinator,HCAD,SNR,Not applicable,Not applicable,Not applicable,Not applicable,Not applicable,Not applicable,Not applicable,Not applicable,Not applicable,Not applicable,Not applicable,Not applicable,Common,Not applicable,Not applicable,Not applicable,Not applicable,Not applicable,Not applicable,Not applicable,Not applicable,Not applicable,Not applicable,Not applicable,Not applicable,Not applicable
ROL-0334,Medical Records Officer,HCAD,EXE,Not applicable,Not applicable,Not applicable,Not applicable,Not applicable,Not applicable,Not applicable,Not applicable,Not applicable,Not applicable,Not applicable,Not applicable,Common,Not applicable,Not applicable,Not applicable,Not applicable,Not applicable,Not applicable,Not applicable,Not applicable,Not applicable,Not applicable,Not applicable,Not applicable,Not applicable
ROL-0335,Hospital Billing & Insurance Executive,HCAD,EXE,Not applicable,Not applicable,Not applicable,Not applicable,Not applicable,Not applicable,Not applicable,Not applicable,Not applicable,Not applicable,Not applicable,Not applicable,Common,Not applicable,Not applicable,Not applicable,Not applicable,Not applicable,Not applicable,Not applicable,Not applicable,Not applicable,Not applicable,Not applicable,Not applicable,Not applicable
ROL-0336,Vice Principal,TEACH,HOD,Not applicable,Not applicable,Not applicable,Not applicable,Not applicable,Not applicable,Not applicable,Not applicable,Not applicable,Not applicable,Not applicable,Not applicable,Not applicable,Common,Not applicable,Not applicable,Not applicable,Not applicable,Not applicable,Not applicable,Not applicable,Not applicable,Not applicable,Not applicable,Not applicable,Not applicable
ROL-0337,Pre-School Teacher,TEACH,PRO,Not applicable,Not applicable,Not applicable,Not applicable,Not applicable,Not applicable,Not applicable,Not applicable,Not applicable,Not applicable,Not applicable,Not applicable,Not applicable,Common,Not applicable,Not applicable,Not applicable,Not applicable,Not applicable,Not applicable,Applicable,Not applicable,Not applicable,Not applicable,Not applicable,Not applicable
ROL-0338,Home Tutor,TEACH,OWN,Not applicable,Not applicable,Not applicable,Not applicable,Not applicable,Not applicable,Not applicable,Not applicable,Not applicable,Not applicable,Not applicable,Not applicable,Not applicable,Common,Not applicable,Not applicable,Not applicable,Not applicable,Not applicable,Not applicable,Not applicable,Not applicable,Not applicable,Not applicable,Not applicable,Not applicable
ROL-0339,Coaching Centre Faculty,TEACH,PRO,Not applicable,Not applicable,Not applicable,Not applicable,Not applicable,Not applicable,Not applicable,Not applicable,Not applicable,Not applicable,Not applicable,Not applicable,Not applicable,Common,Not applicable,Not applicable,Not applicable,Not applicable,Not applicable,Not applicable,Not applicable,Not applicable,Not applicable,Not applicable,Not applicable,Not applicable
ROL-0340,College Lecturer,TEACH,PRO,Not applicable,Not applicable,Not applicable,Not applicable,Not applicable,Not applicable,Not applicable,Not applicable,Not applicable,Not applicable,Not applicable,Not applicable,Not applicable,Common,Not applicable,Not applicable,Not applicable,Not applicable,Not applicable,Not applicable,Not applicable,Not applicable,Not applicable,Not applicable,Not applicable,Not applicable
ROL-0341,Special Educator,TEACH,PRO,Not applicable,Not applicable,Not applicable,Not applicable,Not applicable,Not applicable,Not applicable,Not applicable,Not applicable,Not applicable,Not applicable,Not applicable,Applicable,Common,Not applicable,Not applicable,Not applicable,Not applicable,Not applicable,Not applicable,Applicable,Not applicable,Not applicable,Not applicable,Not applicable,Not applicable
ROL-0342,School Administrator,EDAD,MGR,Not applicable,Not applicable,Not applicable,Not applicable,Not applicable,Not applicable,Not applicable,Not applicable,Not applicable,Not applicable,Not applicable,Not applicable,Not applicable,Common,Not applicable,Not applicable,Not applicable,Not applicable,Not applicable,Not applicable,Not applicable,Not applicable,Not applicable,Not applicable,Not applicable,Not applicable
ROL-0343,Admissions Counsellor,EDAD,EXE,Not applicable,Not applicable,Not applicable,Not applicable,Not applicable,Not applicable,Not applicable,Not applicable,Not applicable,Not applicable,Not applicable,Not applicable,Not applicable,Common,Not applicable,Not applicable,Not applicable,Not applicable,Not applicable,Not applicable,Not applicable,Not applicable,Not applicable,Not applicable,Not applicable,Not applicable
ROL-0344,School Office Assistant,EDAD,AST,Not applicable,Not applicable,Not applicable,Not applicable,Not applicable,Not applicable,Not applicable,Not applicable,Not applicable,Not applicable,Not applicable,Not applicable,Not applicable,Common,Not applicable,Not applicable,Not applicable,Not applicable,Not applicable,Not applicable,Not applicable,Not applicable,Not applicable,Not applicable,Not applicable,Not applicable
ROL-0345,Examinations Coordinator,EDAD,SNR,Not applicable,Not applicable,Not applicable,Not applicable,Not applicable,Not applicable,Not applicable,Not applicable,Not applicable,Not applicable,Not applicable,Not applicable,Not applicable,Common,Not applicable,Not applicable,Not applicable,Not applicable,Not applicable,Not applicable,Not applicable,Not applicable,Not applicable,Not applicable,Not applicable,Not applicable
ROL-0346,College Registrar,EDAD,HOD,Not applicable,Not applicable,Not applicable,Not applicable,Not applicable,Not applicable,Not applicable,Not applicable,Not applicable,Not applicable,Not applicable,Not applicable,Not applicable,Common,Not applicable,Not applicable,Not applicable,Not applicable,Not applicable,Not applicable,Not applicable,Not applicable,Not applicable,Not applicable,Not applicable,Not applicable
ROL-0347,Corporate Trainer,TRNG,PRO,Applicable,Applicable,Applicable,Applicable,Applicable,Applicable,Applicable,Applicable,Applicable,Common,Applicable,Common,Applicable,Applicable,Applicable,Applicable,Applicable,Applicable,Applicable,Applicable,Applicable,Applicable,Common,Applicable,Applicable,Applicable
ROL-0348,Vocational Instructor,TRNG,PRO,Not applicable,Not applicable,Not applicable,Not applicable,Not applicable,Applicable,Not applicable,Not applicable,Not applicable,Not applicable,Not applicable,Not applicable,Not applicable,Common,Not applicable,Not applicable,Not applicable,Not applicable,Not applicable,Not applicable,Not applicable,Not applicable,Not applicable,Not applicable,Not applicable,Not applicable
ROL-0349,Training Manager,TRNG,MGR,Applicable,Applicable,Common,Applicable,Applicable,Applicable,Applicable,Applicable,Applicable,Applicable,Common,Common,Applicable,Applicable,Applicable,Applicable,Applicable,Applicable,Applicable,Applicable,Applicable,Applicable,Common,Applicable,Applicable,Applicable
ROL-0350,Driving Instructor,TRNG,PRO,Not applicable,Common,Not applicable,Not applicable,Not applicable,Not applicable,Not applicable,Not applicable,Not applicable,Not applicable,Not applicable,Not applicable,Not applicable,Common,Not applicable,Not applicable,Not applicable,Not applicable,Not applicable,Not applicable,Not applicable,Not applicable,Not applicable,Not applicable,Not applicable,Not applicable
ROL-0351,Government Office Assistant,PUBS,EXE,Not applicable,Not applicable,Not applicable,Not applicable,Not applicable,Not applicable,Not applicable,Not applicable,Not applicable,Not applicable,Not applicable,Not applicable,Not applicable,Not applicable,Common,Not applicable,Not applicable,Not applicable,Not applicable,Not applicable,Not applicable,Not applicable,Not applicable,Not applicable,Not applicable,Not applicable
ROL-0352,Citizen Service Centre Operator,PUBS,OWN,Not applicable,Not applicable,Not applicable,Not applicable,Not applicable,Not applicable,Not applicable,Not applicable,Not applicable,Not applicable,Not applicable,Applicable,Not applicable,Not applicable,Common,Not applicable,Not applicable,Not applicable,Not applicable,Not applicable,Not applicable,Not applicable,Not applicable,Not applicable,Not applicable,Not applicable
ROL-0353,Local Government Officer,PUBS,PRO,Not applicable,Not applicable,Not applicable,Not applicable,Not applicable,Not applicable,Not applicable,Not applicable,Not applicable,Not applicable,Not applicable,Not applicable,Not applicable,Not applicable,Common,Not applicable,Not applicable,Not applicable,Not applicable,Not applicable,Not applicable,Not applicable,Not applicable,Not applicable,Not applicable,Not applicable
ROL-0354,Postal Assistant,PUBS,EXE,Not applicable,Not applicable,Not applicable,Not applicable,Not applicable,Not applicable,Not applicable,Not applicable,Not applicable,Not applicable,Not applicable,Not applicable,Not applicable,Not applicable,Common,Not applicable,Not applicable,Not applicable,Not applicable,Not applicable,Not applicable,Not applicable,Not applicable,Not applicable,Not applicable,Not applicable
ROL-0355,Postman,PUBS,EXE,Not applicable,Not applicable,Not applicable,Not applicable,Not applicable,Not applicable,Not applicable,Not applicable,Not applicable,Not applicable,Not applicable,Not applicable,Not applicable,Not applicable,Common,Not applicable,Not applicable,Not applicable,Not applicable,Not applicable,Not applicable,Not applicable,Not applicable,Not applicable,Not applicable,Not applicable
ROL-0356,Ration Shop Dealer,PUBS,OWN,Not applicable,Not applicable,Not applicable,Not applicable,Not applicable,Not applicable,Not applicable,Not applicable,Not applicable,Not applicable,Not applicable,Not applicable,Not applicable,Not applicable,Common,Not applicable,Not applicable,Not applicable,Not applicable,Not applicable,Not applicable,Not applicable,Not applicable,Not applicable,Not applicable,Not applicable
ROL-0357,Community Health Worker,PUBS,EXE,Not applicable,Not applicable,Not applicable,Not applicable,Not applicable,Not applicable,Not applicable,Not applicable,Not applicable,Not applicable,Not applicable,Not applicable,Common,Not applicable,Common,Not applicable,Not applicable,Not applicable,Not applicable,Not applicable,Applicable,Not applicable,Not applicable,Not applicable,Not applicable,Not applicable
ROL-0358,Anganwadi Worker,PUBS,EXE,Not applicable,Not applicable,Not applicable,Not applicable,Not applicable,Not applicable,Not applicable,Not applicable,Not applicable,Not applicable,Not applicable,Not applicable,Not applicable,Not applicable,Common,Not applicable,Not applicable,Not applicable,Not applicable,Not applicable,Not applicable,Not applicable,Not applicable,Not applicable,Not applicable,Not applicable
ROL-0359,Municipal Inspector,PUBS,PRO,Not applicable,Not applicable,Not applicable,Not applicable,Not applicable,Not applicable,Not applicable,Not applicable,Not applicable,Not applicable,Not applicable,Not applicable,Not applicable,Not applicable,Common,Not applicable,Not applicable,Not applicable,Not applicable,Not applicable,Not applicable,Not applicable,Not applicable,Not applicable,Not applicable,Not applicable
ROL-0360,Police Constable (Public Interaction),PUBS,EXE,Not applicable,Not applicable,Not applicable,Not applicable,Not applicable,Not applicable,Not applicable,Not applicable,Not applicable,Not applicable,Not applicable,Not applicable,Not applicable,Not applicable,Common,Not applicable,Not applicable,Not applicable,Not applicable,Not applicable,Not applicable,Not applicable,Not applicable,Not applicable,Not applicable,Not applicable
ROL-0361,Booth Level Officer,ELCT,EXE,Not applicable,Not applicable,Not applicable,Not applicable,Not applicable,Not applicable,Not applicable,Not applicable,Not applicable,Not applicable,Not applicable,Not applicable,Not applicable,Not applicable,Common,Not applicable,Not applicable,Not applicable,Not applicable,Not applicable,Not applicable,Not applicable,Not applicable,Not applicable,Not applicable,Not applicable
ROL-0362,BLO Supervisor,ELCT,SUP,Not applicable,Not applicable,Not applicable,Not applicable,Not applicable,Not applicable,Not applicable,Not applicable,Not applicable,Not applicable,Not applicable,Not applicable,Not applicable,Not applicable,Common,Not applicable,Not applicable,Not applicable,Not applicable,Not applicable,Not applicable,Not applicable,Not applicable,Not applicable,Not applicable,Not applicable
ROL-0363,Polling Officer,ELCT,EXE,Not applicable,Not applicable,Not applicable,Not applicable,Not applicable,Not applicable,Not applicable,Not applicable,Not applicable,Not applicable,Not applicable,Not applicable,Not applicable,Not applicable,Common,Not applicable,Not applicable,Not applicable,Not applicable,Not applicable,Not applicable,Not applicable,Not applicable,Not applicable,Not applicable,Not applicable
ROL-0364,Presiding Officer,ELCT,SUP,Not applicable,Not applicable,Not applicable,Not applicable,Not applicable,Not applicable,Not applicable,Not applicable,Not applicable,Not applicable,Not applicable,Not applicable,Not applicable,Not applicable,Common,Not applicable,Not applicable,Not applicable,Not applicable,Not applicable,Not applicable,Not applicable,Not applicable,Not applicable,Not applicable,Not applicable
ROL-0365,Electoral Registration Assistant,ELCT,EXE,Not applicable,Not applicable,Not applicable,Not applicable,Not applicable,Not applicable,Not applicable,Not applicable,Not applicable,Not applicable,Not applicable,Not applicable,Not applicable,Not applicable,Common,Not applicable,Not applicable,Not applicable,Not applicable,Not applicable,Not applicable,Not applicable,Not applicable,Not applicable,Not applicable,Not applicable
ROL-0366,Community Mobiliser,NGOF,EXE,Not applicable,Not applicable,Not applicable,Not applicable,Not applicable,Not applicable,Not applicable,Not applicable,Not applicable,Not applicable,Not applicable,Not applicable,Applicable,Not applicable,Applicable,Not applicable,Not applicable,Not applicable,Not applicable,Not applicable,Common,Not applicable,Not applicable,Not applicable,Not applicable,Not applicable
ROL-0367,Social Worker,NGOF,PRO,Not applicable,Not applicable,Not applicable,Not applicable,Not applicable,Not applicable,Not applicable,Not applicable,Not applicable,Not applicable,Not applicable,Not applicable,Industry-specific specialization required,Applicable,Applicable,Not applicable,Not applicable,Not applicable,Not applicable,Not applicable,Common,Not applicable,Not applicable,Not applicable,Not applicable,Not applicable
ROL-0368,Programme Officer,NGOF,PRO,Not applicable,Not applicable,Not applicable,Not applicable,Not applicable,Not applicable,Not applicable,Not applicable,Not applicable,Not applicable,Not applicable,Not applicable,Not applicable,Not applicable,Applicable,Not applicable,Not applicable,Not applicable,Not applicable,Not applicable,Common,Not applicable,Not applicable,Not applicable,Not applicable,Not applicable
ROL-0369,Programme Manager (NGO),NGOF,MGR,Not applicable,Not applicable,Not applicable,Not applicable,Not applicable,Not applicable,Not applicable,Not applicable,Not applicable,Not applicable,Not applicable,Not applicable,Not applicable,Not applicable,Not applicable,Not applicable,Not applicable,Not applicable,Not applicable,Not applicable,Common,Not applicable,Not applicable,Not applicable,Not applicable,Not applicable
ROL-0370,Volunteer Coordinator,NGOF,SNR,Not applicable,Not applicable,Not applicable,Not applicable,Not applicable,Not applicable,Not applicable,Not applicable,Not applicable,Not applicable,Not applicable,Not applicable,Not applicable,Applicable,Not applicable,Not applicable,Not applicable,Not applicable,Not applicable,Not applicable,Common,Applicable,Not applicable,Not applicable,Not applicable,Not applicable
ROL-0371,Fundraising Executive,NGOF,EXE,Not applicable,Not applicable,Not applicable,Not applicable,Not applicable,Not applicable,Not applicable,Not applicable,Not applicable,Not applicable,Not applicable,Not applicable,Not applicable,Not applicable,Not applicable,Not applicable,Not applicable,Not applicable,Not applicable,Not applicable,Common,Not applicable,Not applicable,Not applicable,Not applicable,Not applicable
ROL-0372,Beautician,BEAF,EXE,Not applicable,Not applicable,Not applicable,Not applicable,Not applicable,Not applicable,Not applicable,Not applicable,Not applicable,Not applicable,Not applicable,Not applicable,Not applicable,Not applicable,Not applicable,Not applicable,Not applicable,Common,Not applicable,Not applicable,Not applicable,Not applicable,Not applicable,Not applicable,Not applicable,Not applicable
ROL-0373,Hairdresser / Barber,BEAF,EXE,Not applicable,Not applicable,Not applicable,Not applicable,Not applicable,Not applicable,Not applicable,Not applicable,Not applicable,Not applicable,Not applicable,Not applicable,Not applicable,Not applicable,Not applicable,Not applicable,Not applicable,Common,Not applicable,Not applicable,Not applicable,Not applicable,Not applicable,Not applicable,Not applicable,Not applicable
ROL-0374,Spa Therapist,BEAF,EXE,Not applicable,Not applicable,Common,Not applicable,Not applicable,Not applicable,Not applicable,Not applicable,Not applicable,Not applicable,Not applicable,Not applicable,Not applicable,Not applicable,Not applicable,Not applicable,Not applicable,Common,Not applicable,Not applicable,Not applicable,Not applicable,Not applicable,Not applicable,Not applicable,Not applicable
ROL-0375,Salon Manager,BEAF,MGR,Not applicable,Not applicable,Not applicable,Not applicable,Not applicable,Not applicable,Not applicable,Not applicable,Not applicable,Not applicable,Not applicable,Not applicable,Not applicable,Not applicable,Not applicable,Not applicable,Not applicable,Common,Not applicable,Not applicable,Not applicable,Not applicable,Not applicable,Not applicable,Not applicable,Not applicable
ROL-0376,Makeup Artist,BEAF,PRO,Not applicable,Not applicable,Not applicable,Not applicable,Not applicable,Not applicable,Not applicable,Not applicable,Not applicable,Not applicable,Not applicable,Not applicable,Not applicable,Not applicable,Not applicable,Not applicable,Not applicable,Common,Common,Not applicable,Not applicable,Not applicable,Not applicable,Not applicable,Not applicable,Not applicable
ROL-0377,Beauty Advisor,BEAF,EXE,Common,Not applicable,Not applicable,Not applicable,Not applicable,Not applicable,Not applicable,Not applicable,Not applicable,Not applicable,Not applicable,Not applicable,Not applicable,Not applicable,Not applicable,Not applicable,Not applicable,Common,Not applicable,Not applicable,Not applicable,Not applicable,Not applicable,Not applicable,Not applicable,Not applicable
ROL-0378,Fitness Trainer,SPRF,PRO,Not applicable,Not applicable,Applicable,Not applicable,Not applicable,Not applicable,Not applicable,Not applicable,Not applicable,Not applicable,Not applicable,Not applicable,Not applicable,Not applicable,Not applicable,Not applicable,Not applicable,Not applicable,Not applicable,Not applicable,Not applicable,Common,Applicable,Not applicable,Not applicable,Not applicable
ROL-0379,Yoga Instructor,SPRF,PRO,Not applicable,Not applicable,Not applicable,Not applicable,Not applicable,Not applicable,Not applicable,Not applicable,Not applicable,Not applicable,Not applicable,Not applicable,Not applicable,Applicable,Not applicable,Not applicable,Not applicable,Not applicable,Not applicable,Not applicable,Not applicable,Common,Not applicable,Not applicable,Not applicable,Not applicable
ROL-0380,Sports Coach,SPRF,PRO,Not applicable,Not applicable,Not applicable,Not applicable,Not applicable,Not applicable,Not applicable,Not applicable,Not applicable,Not applicable,Not applicable,Not applicable,Not applicable,Common,Not applicable,Not applicable,Not applicable,Not applicable,Not applicable,Not applicable,Not applicable,Common,Not applicable,Not applicable,Not applicable,Not applicable
ROL-0381,Cricket Coach,SPRF,PRO,Not applicable,Not applicable,Not applicable,Not applicable,Not applicable,Not applicable,Not applicable,Not applicable,Not applicable,Not applicable,Not applicable,Not applicable,Not applicable,Applicable,Not applicable,Not applicable,Not applicable,Not applicable,Not applicable,Not applicable,Not applicable,Common,Not applicable,Not applicable,Not applicable,Not applicable
ROL-0382,Sports Event Coordinator,SPRF,EXE,Not applicable,Not applicable,Not applicable,Not applicable,Not applicable,Not applicable,Not applicable,Not applicable,Not applicable,Not applicable,Not applicable,Not applicable,Not applicable,Not applicable,Not applicable,Not applicable,Not applicable,Not applicable,Applicable,Not applicable,Not applicable,Common,Not applicable,Not applicable,Not applicable,Not applicable
ROL-0383,Club / Academy Manager,SPRF,MGR,Not applicable,Not applicable,Not applicable,Not applicable,Not applicable,Not applicable,Not applicable,Not applicable,Not applicable,Not applicable,Not applicable,Not applicable,Not applicable,Not applicable,Not applicable,Not applicable,Not applicable,Not applicable,Not applicable,Not applicable,Not applicable,Common,Not applicable,Not applicable,Not applicable,Not applicable
ROL-0384,Gym Manager,SPRF,MGR,Not applicable,Not applicable,Not applicable,Not applicable,Not applicable,Not applicable,Not applicable,Not applicable,Not applicable,Not applicable,Not applicable,Not applicable,Not applicable,Not applicable,Not applicable,Not applicable,Not applicable,Not applicable,Not applicable,Not applicable,Not applicable,Common,Not applicable,Not applicable,Not applicable,Not applicable
ROL-0385,Domestic Worker,DOMF,AST,Not applicable,Not applicable,Not applicable,Not applicable,Not applicable,Not applicable,Not applicable,Not applicable,Not applicable,Not applicable,Not applicable,Not applicable,Not applicable,Not applicable,Not applicable,Not applicable,Not applicable,Not applicable,Not applicable,Not applicable,Not applicable,Not applicable,Not applicable,Not applicable,Common,Not applicable
ROL-0386,Home Cook,DOMF,EXE,Not applicable,Not applicable,Not applicable,Not applicable,Not applicable,Not applicable,Not applicable,Not applicable,Not applicable,Not applicable,Not applicable,Not applicable,Not applicable,Not applicable,Not applicable,Not applicable,Not applicable,Not applicable,Not applicable,Not applicable,Not applicable,Not applicable,Not applicable,Not applicable,Common,Not applicable
ROL-0387,Caregiver / Elder Care Attendant,DOMF,AST,Not applicable,Not applicable,Not applicable,Not applicable,Not applicable,Not applicable,Not applicable,Not applicable,Not applicable,Not applicable,Not applicable,Not applicable,Common,Not applicable,Not applicable,Not applicable,Not applicable,Not applicable,Not applicable,Not applicable,Not applicable,Not applicable,Not applicable,Not applicable,Common,Not applicable
ROL-0388,Nanny / Babysitter,DOMF,AST,Not applicable,Not applicable,Not applicable,Not applicable,Not applicable,Not applicable,Not applicable,Not applicable,Not applicable,Not applicable,Not applicable,Not applicable,Not applicable,Not applicable,Not applicable,Not applicable,Not applicable,Not applicable,Not applicable,Not applicable,Not applicable,Not applicable,Not applicable,Not applicable,Common,Not applicable
ROL-0389,Sanitation Worker,SANF,AST,Not applicable,Not applicable,Not applicable,Not applicable,Not applicable,Not applicable,Not applicable,Not applicable,Not applicable,Not applicable,Not applicable,Not applicable,Not applicable,Not applicable,Applicable,Not applicable,Not applicable,Not applicable,Not applicable,Not applicable,Not applicable,Not applicable,Not applicable,Not applicable,Not applicable,Common
ROL-0390,Waste Collector,SANF,AST,Not applicable,Not applicable,Not applicable,Not applicable,Not applicable,Not applicable,Not applicable,Not applicable,Not applicable,Not applicable,Not applicable,Not applicable,Not applicable,Not applicable,Applicable,Not applicable,Not applicable,Not applicable,Not applicable,Not applicable,Not applicable,Not applicable,Not applicable,Not applicable,Not applicable,Common
ROL-0391,Recycling Centre Worker,SANF,AST,Not applicable,Not applicable,Not applicable,Not applicable,Not applicable,Not applicable,Not applicable,Not applicable,Not applicable,Not applicable,Not applicable,Not applicable,Not applicable,Not applicable,Not applicable,Not applicable,Not applicable,Not applicable,Not applicable,Not applicable,Not applicable,Not applicable,Not applicable,Not applicable,Not applicable,Common
ROL-0392,Sanitation Supervisor,SANF,SUP,Not applicable,Not applicable,Not applicable,Not applicable,Not applicable,Not applicable,Not applicable,Not applicable,Not applicable,Not applicable,Not applicable,Not applicable,Not applicable,Not applicable,Applicable,Not applicable,Not applicable,Not applicable,Not applicable,Not applicable,Not applicable,Not applicable,Not applicable,Not applicable,Not applicable,Common
ROL-0393,Shift Supervisor,OPS,SUP,Common,Common,Common,Common,Common,Common,Common,Common,Common,Common,Common,Common,Common,Common,Common,Common,Common,Common,Common,Common,Common,Common,Common,Common,Common,Common
ROL-0394,Operations Head,OPS,HOD,Common,Common,Applicable,Applicable,Applicable,Applicable,Applicable,Applicable,Applicable,Common,Common,Common,Applicable,Applicable,Applicable,Applicable,Applicable,Applicable,Applicable,Applicable,Applicable,Applicable,Applicable,Applicable,Applicable,Applicable
ROL-0395,Area Manager,MGMT,MGR,Common,Common,Common,Applicable,Applicable,Applicable,Applicable,Applicable,Applicable,Applicable,Applicable,Common,Applicable,Applicable,Applicable,Applicable,Applicable,Applicable,Applicable,Applicable,Applicable,Applicable,Applicable,Applicable,Applicable,Applicable
ROL-0396,Regional Manager,MGMT,HOD,Common,Common,Applicable,Applicable,Applicable,Applicable,Applicable,Applicable,Applicable,Applicable,Applicable,Common,Common,Applicable,Applicable,Applicable,Applicable,Applicable,Applicable,Applicable,Applicable,Applicable,Applicable,Applicable,Applicable,Applicable
ROL-0397,Branch Head,MGMT,MGR,Applicable,Common,Applicable,Applicable,Applicable,Applicable,Applicable,Applicable,Applicable,Applicable,Applicable,Common,Applicable,Common,Applicable,Applicable,Applicable,Applicable,Applicable,Common,Applicable,Applicable,Applicable,Applicable,Applicable,Applicable
ROL-0398,Small Business Owner,ENTR,OWN,Common,Applicable,Applicable,Applicable,Applicable,Applicable,Applicable,Applicable,Applicable,Applicable,Applicable,Applicable,Applicable,Applicable,Applicable,Applicable,Applicable,Applicable,Applicable,Applicable,Applicable,Applicable,Applicable,Common,Applicable,Applicable
ROL-0399,Start-up Founder,ENTR,OWN,Applicable,Applicable,Applicable,Applicable,Applicable,Applicable,Applicable,Applicable,Applicable,Common,Applicable,Applicable,Applicable,Applicable,Applicable,Applicable,Applicable,Applicable,Applicable,Applicable,Applicable,Applicable,Applicable,Common,Applicable,Applicable
ROL-0400,Franchise Owner,ENTR,OWN,Common,Not applicable,Common,Not applicable,Not applicable,Not applicable,Not applicable,Not applicable,Not applicable,Not applicable,Not applicable,Not applicable,Not applicable,Common,Not applicable,Not applicable,Not applicable,Not applicable,Not applicable,Not applicable,Not applicable,Not applicable,Not applicable,Common,Not applicable,Not applicable
ROL-0401,Freelancer,ENTR,OWN,Applicable,Applicable,Applicable,Applicable,Applicable,Applicable,Applicable,Applicable,Applicable,Common,Applicable,Applicable,Applicable,Applicable,Applicable,Applicable,Applicable,Applicable,Common,Applicable,Applicable,Applicable,Applicable,Common,Applicable,Applicable
ROL-0402,Self-Help Group Entrepreneur,ENTR,OWN,Not applicable,Not applicable,Not applicable,Not applicable,Not applicable,Not applicable,Not applicable,Not applicable,Not applicable,Not applicable,Not applicable,Not applicable,Not applicable,Not applicable,Not applicable,Common,Not applicable,Not applicable,Not applicable,Not applicable,Applicable,Not applicable,Not applicable,Common,Not applicable,Not applicable
